乐柳,[1, 100],[1, 100],[1, 100],[1, 100],[1, 0.02782674426250814],[1, 100],[1, 100],[1, 100],[1, 0.6611748651921419],[1, -0.030617146003800888],[0, 100],[0, 100],[0, 100],[1, -0.09439099383883792],[1, 100],[1, 100],[1, -0.10980626205796246],[1, 0.8582988543949419],[1, 0.8151149377968006],[1, 100]
杨建国,[1, 100],[0, 100],[1, 0.1515336989056578],[1, 100],[1, -0.16428379690869924],[0, 100],[1, 100],[1, 100],[0, -0.18880432504496095],[1, 100],[0, 100],[1, 0.6656205427629497],[1, 100],[1, 100],[0, -0.1506851298378972],[0, 100],[0, 100],[1, 100],[1, 0.3420943489273671],[1, 0.13904117794374268]
彭欣,[1, 0.8660205901118421],[1, 100],[1, 100],[1, 100],[0, 100],[1, 0.7207149447727353],[1, 100],[1, 0.768416301413948],[1, 0.37295800868752504],[1, 100],[0, 0.504803107357713],[1, 100],[0, 100],[1, 100],[1, 100],[1, 100],[0, 100],[1, 100],[1, 100],[1, 100]
常佳,[1, 100],[1, -0.04224409086603276],[1, 100],[1, 100],[1, 100],[0, 100],[1, 100],[1, 100],[0, 100],[1, 100],[0, 100],[1, 100],[1, 100],[1, 100],[1, 100],[0, 100],[1, 100],[1, 100],[1, 0.8054514530835343],[1, 100]
张文,[1, 0.17580621676644903],[1, 100],[0, 100],[1, 100],[1, 0.6763047362404803],[1, 0.5541153875687671],[0, 100],[1, 100],[1, 0.8519124348471593],[1, 100],[0, 0.7867896064158649],[0, 100],[0, 0.4576493585201584],[1, 100],[1, 100],[1, 100],[1, 100],[1, 100],[1, 100],[0, 100]
李勇,[1, 0.4640130711627137],[0, 0.6019742368865157],[0, 0.6285098790864723],[0, 0.6164996151612432],[0, 0.7544294712365631],[0, 0.18172829702323695],[0, 0.41866749892836513],[0, 0.506348061888505],[0, 0.8472308232951926],[0, 0.9105539198623216],[0, 0.9626796096029697],[0, 0.22072181939869456],[1, 1.0647791987385524],[1, 0.40900015457661104],[0, 0.20251794077360402],[0, 0.28169604828060785],[0, 0.29119867852101183],[1, 1.0502635686823452],[0, 1.0707906538773728],[0, 0.5289922210945404]
谭鑫,[1, 0.2727884921927539],[0, 0.15836494658641576],[0, 0.7464367285955721],[1, 0.472148511203347],[0, 0.6188862370678089],[0, 0.2923078443505893],[0, 0.3508797489465536],[0, 0.9168158357221291],[0, 0.39869964274860126],[0, 0.3284720935600426],[0, 0.6363489453793928],[0, 0.7512031634673745],[0, 0.5090669575367951],[0, 0.6583301139138454],[1, 0.7170229178249846],[0, 0.871039689504232],[0, 0.8462031218602091],[1, 0.21122419597622266],[0, 0.9928125300708701],[1, 0.7516007166855717]
王静,[1, 0.031503241849340696],[0, 0.0023145416156300225],[0, 0.8605190012458418],[0, 0.48448594447004656],[0, 0.0904754494737062],[0, 0.7793292227444405],[0, 0.5998717011911857],[0, 0.27860820651401996],[0, 0.12593409891444804],[0, 0.9191832253741962],[0, 0.8375414009995727],[0, 0.47718156791087707],[0, 0.7120109978787952],[0, 0.8547912860126688],[0, 0.20906604213704358],[0, 0.5440113653919869],[0, 0.2002489641007464],[0, 0.5774190961000165],[0, 0.8388932551769791],[0, 0.04603520791197177]
董秀梅,[1, 1.1818895254392958],[0, 0.7455446591131223],[0, 0.7418183848457522],[1, 1.1429788413509643],[0, 1.0584619279403198],[1, 0.37366023107879504],[0, 0.6989706390178012],[0, 0.22954788504362217],[1, 0.2884796226281902],[0, 0.30605350595562913],[1, 0.5472669599912294],[0, 0.9141990766276533],[0, 0.5572115264825406],[0, 0.4104336483170808],[0, 1.0409437662793806],[1, 0.4847139225818253],[1, 0.9092907836091926],[0, 1.2090176266822685],[0, 0.965104589714656],[0, 0.591682674172527]
王玉珍,[0, 0.16487505039792644],[0, 0.30347234952172136],[0, 0.15331301631304334],[0, 0.2550413220742583],[0, 0.4740840453309875],[0, 0.32094782247885606],[0, 0.41564383632627283],[0, -0.03616705318190033],[0, 0.308870051152682],[0, 0.7916634663455302],[0, 0.07032480551521997],[0, 0.19019639982247877],[0, 0.47298873223467425],[0, 0.46431153601740965],[0, 0.8455816777927296],[0, 0.6146186803213709],[0, 0.30611551145081545],[0, 0.416228884630463],[0, 0.024924445015017394],[0, 0.7699681447980569]
周博,[0, 0.3309408638239484],[0, 0.28027442313274764],[0, 0.6933619206792696],[0, 0.2748079892577109],[0, 0.45027199410361995],[0, 0.7239799169105795],[0, 0.852047739398723],[0, 0.8240931527739556],[0, 0.10546584208239015],[0, 0.5351092694301414],[0, 0.6694669482665138],[0, 0.9380058107165323],[0, 0.2587561372414119],[0, 0.09077676779520946],[0, 0.6313397285661524],[0, 0.1988709100338751],[0, 0.11701276343893904],[0, 0.7491398245836293],[0, 0.6319954938558909],[0, 0.45341425516280653]
孙成,[0, 0.33341913235598203],[0, 0.9638946107808697],[0, 0.5580290989334384],[1, 0.46706318289594156],[1, 1.15830733967324],[1, 1.144936572036762],[0, 0.7275207077408297],[0, 1.0597574554901754],[0, 0.23186419346214843],[0, 0.41835688796382847],[1, 1.083080332416017],[0, 0.5694982027724904],[1, 0.23272315096263557],[0, 1.064919580879669],[0, 1.0836908243301726],[0, 0.9181474752678402],[0, 1.1195972037282118],[0, 0.9252982404339234],[0, 0.5586707187608284],[0, 0.8145241233756564]
唐红,[0, 0.4810533540657137],[0, 0.417045263760215],[0, 0.5118726644386645],[0, 0.3121457366892486],[0, 0.5317288324267255],[0, 0.17908224912717607],[0, 0.8565711491676862],[0, 0.241236805368226],[0, 0.10185008862861068],[0, 0.7408482477083398],[0, 0.10779441251814594],[0, 0.23391787284673116],[0, 0.6173885947902678],[0, 0.39674030093687196],[0, 0.2815935763874591],[0, 0.9197921330984191],[0, 0.7109108730744506],[0, 0.7125878172635719],[0, 0.14283234933699318],[0, 0.6798506266711453]
方丹丹,[0, 0.8356497126762075],[0, 0.46838400898394494],[0, 0.7399156640558211],[0, 0.45744960880331864],[0, 0.7215226132816082],[0, 0.8115626564061378],[0, 0.2151429943423138],[0, 0.8890733315258003],[0, 0.8515358524566886],[0, 0.4957588161793238],[0, 0.6215277875194404],[0, 0.911446090437242],[0, 0.7667648805332082],[0, 0.0026932908179115034],[0, 0.719601924566722],[0, 0.8680119927206459],[0, 0.9217485197796993],[0, 0.6587103952602789],[0, 0.7790317533063185],[0, 0.387222337595416]
王鑫,[0, 0.33067199051611557],[0, 0.7783972770704028],[0, 0.13898948501458036],[0, 0.3232343047326132],[0, -0.09079099816546071],[0, 0.045207048351407375],[0, 0.3189458754747316],[0, -0.011029754699543204],[0, -0.1186103961472667],[0, -0.05924060126795577],[0, 0.21889709828460463],[0, 0.3019601565194698],[0, 0.06167258504309997],[0, 0.25566313829324366],[0, 0.40169977383385075],[0, 0.16483416618075492],[0, 0.46031791920034154],[0, 0.22404631153452176],[0, 0.7409167971627499],[0, 0.27708030571804737]
蓝帆,[0, 0.1448458589973283],[0, 0.6646468618787057],[0, 0.6922526141425003],[0, 0.8433270174112021],[0, 0.002695004202299317],[0, 0.6204506172529896],[0, 0.7557561776483299],[0, 0.7430604074083885],[0, 0.4692903558048337],[0, -0.005748969546622934],[0, 0.21234452912188576],[0, 0.8466580937538938],[0, 0.4862083216680416],[0, 0.8777833721555156],[0, 0.8231932360546544],[0, 0.8126642691475428],[0, 0.2626227712435121],[0, 0.7728985863956699],[0, -0.0850239022539497],[0, 0.21927895452396498]
曾桂花,[0, 0.2497200190714064],[0, 0.04946335015608583],[0, 0.2836792932969049],[0, 0.048715361756062836],[0, 0.023299934323385507],[0, 0.2751422037305198],[0, 0.08129784031352083],[0, 0.5001664568909597],[0, 0.11778007045873362],[0, 0.2074010850484156],[0, 0.398281432658954],[0, 0.7494347311005545],[0, 0.06832460274256769],[0, 0.09512157432137613],[0, 0.41032014937580863],[0, 0.8037907483984217],[0, 0.5199756158101649],[0, 0.04524751195801757],[0, -0.082677562702128],[0, -0.008525183833476113]
黄淑兰,[0, 0.48584969467117134],[0, 0.7468896470036788],[0, 0.8411285682812327],[0, 0.5463289173935186],[0, 0.05183119901199337],[0, 0.7409329514095554],[0, 0.6761386990217605],[0, 0.41245003969390936],[0, 0.30148176613401945],[0, -0.047612569299287394],[0, 0.8312678604969514],[0, -0.017674462987833955],[0, 0.253838088886024],[0, 0.011914347618033644],[0, 0.8589837453883677],[0, 0.3096910405573665],[0, 0.6231988747674113],[0, 0.4914247809632678],[0, 0.7128195522389612],[0, 0.6673458930371953]
王秀云,[0, 0.5733433908379981],[0, 0.36453539972410065],[0, 0.7586200686340376],[0, 0.8688356073774595],[0, 0.9414697937193486],[0, 0.7163346064720446],[0, -0.03954300101600308],[0, 0.3684500529525958],[0, 0.5234431166719168],[0, 0.8586044827875668],[0, 0.7337899944393038],[0, 0.15400411742477046],[0, 0.6234051332274629],[0, 0.07996710104046664],[0, 0.3500959201727243],[0, 0.21384181422684664],[0, 0.23172571616683654],[0, 0.10723513521250636],[0, 0.753823268650703],[0, 0.6117170025639901]
陈峰,[0, 0.787228784808425],[0, 0.20006320791586715],[0, 0.687893195030878],[0, -0.023267500756639886],[0, 0.5378397888683295],[0, 0.7691898412116813],[0, -0.04262822432464111],[0, 0.5078069001925783],[0, -0.015367766483172868],[0, 0.25960930716958686],[0, 0.4347154045072469],[0, 0.7866342561829255],[0, 0.5482267523187218],[0, 0.2944060021550974],[0, 0.8389002950853485],[0, 0.713204335906669],[0, 0.36992031514107415],[0, 0.8298027731088482],[0, 0.5660095745139645],[0, 0.2837960100103212]
刘英,[0, 0.7479836542803996],[0, 0.7840115176562114],[0, 0.8691584679333912],[0, 0.839374195316057],[0, 0.6995714318359917],[0, 0.13768672657537517],[0, 0.05917994811380023],[0, 0.16281266478675416],[0, 0.8717090982730373],[0, 0.1015800799508555],[1, 0.635822326517476],[0, 0.7024740699762948],[0, 0.7822925119004179],[0, 0.921856256842195],[0, 0.9449308383179338],[0, 0.6290679540639791],[0, 0.8322578335992874],[0, 0.781346888063184],[0, 0.537759286697813],[0, 0.5185621288911438]
陈桂兰,[0, 0.9205634849527222],[0, 0.3689346109754946],[0, 0.614255139024665],[0, 0.10765789177701215],[0, 0.8814854550937323],[0, 0.23933250836232137],[0, 0.9113457457993734],[0, 0.6976155027409364],[0, 0.4606293470433015],[0, 0.5965452441855734],[0, 0.09426884635508084],[0, 0.0269865556965099],[0, 0.5500213648919366],[0, 0.1773815552931172],[0, 0.8144363775736935],[0, 0.4037796612087733],[0, 0.06941792887070267],[0, 0.29313019032699106],[0, 0.1890312570633941],[0, -0.019987933460507062]
陈金凤,[0, 0.7309681565902015],[0, 0.4039616325021043],[0, 0.5021514330557453],[0, 0.42932886641525964],[0, 0.8337695872340476],[0, -0.12472914121230078],[0, 0.09891775721392643],[0, 0.47636806657157155],[0, -0.08554777217224158],[0, 0.35240753520146534],[0, 0.32052962276906577],[0, 0.5332745743462333],[0, 0.32000953640316004],[0, 0.4899632364328846],[0, 0.32266515962464165],[0, -0.13555519354782258],[0, 0.025926326040728698],[0, 0.5436244282839064],[0, 0.21237969714093113],[0, 0.6683482224434223]
苏桂英,[0, 0.7338034638616606],[0, 0.8766704451187586],[0, 0.6428358412935942],[0, 0.9891274054759187],[0, 0.6835560124339733],[0, 0.8651111615056316],[0, 0.25691051311084423],[0, 0.6422342992940248],[0, 0.4717821050789063],[0, 0.20680591529041356],[0, 0.6599360858991731],[0, 0.0785491410941481],[0, 0.3154078510956291],[0, 0.15665313067271622],[0, 0.8319126754384787],[0, 0.9775683649567966],[0, 1.0017139090963394],[0, 0.5233288549868226],[0, 0.2931917205567579],[0, 0.9955379639618611]
聂丽丽,[0, 0.5111562872142164],[0, 0.5786641204297058],[0, 0.5653245316577293],[0, 0.4178508868287757],[0, 1.009338249267811],[0, 0.8477942055825874],[0, 0.462291997718711],[0, 0.841252656623456],[0, 0.55893608606867],[0, 0.6499434502969132],[0, 0.9456240475403727],[0, 0.12148884076261823],[0, 0.6335371788313583],[0, 0.1578450727615488],[0, 0.9048338254592844],[0, 0.517897653119184],[0, 0.25418563026795227],[0, 0.10442778560147359],[0, 0.2987800391943728],[0, 0.8976297845881237]
杨玉,[0, 0.8265701250790318],[0, 0.5424938968642565],[0, 0.18231552441148263],[0, 0.3744751039847429],[0, 0.44723324756334576],[0, 0.18332741836571037],[0, 0.9721248889361729],[0, 0.7867858233626175],[0, 0.37528884677116264],[0, 0.17133813502744993],[0, 0.8098680468016539],[0, 0.4546925379683993],[0, 0.08641841023888447],[0, 1.0193813514860877],[1, 0.3888600207816723],[0, 0.9184841557284407],[0, 0.5745997962393314],[0, 0.7698188463603302],[0, 0.8058295171076042],[0, 0.32863393856261286]
周想,[0, 0.2449609765974986],[0, 0.8551226366641357],[0, 0.8273616736706614],[0, 0.4020601391481543],[0, 0.6518012878651006],[0, 0.8359686441319637],[0, 0.43887610825281687],[0, 0.40847013984505376],[0, 0.6990372438307855],[0, 0.8145779088141566],[0, 0.8098443677413315],[0, 0.7790342085845893],[0, 0.706176133977534],[0, 0.09501312670157247],[0, 0.12278283058726447],[0, 0.05355059507605264],[0, 0.5797970689414509],[0, 0.332637138449983],[0, 0.4200375455297847],[0, 0.22179428031935888]
陈秀华,[0, 0.11668610839520355],[0, 0.1854038104616259],[1, 0.6221738588619546],[0, 0.8879733241686846],[0, 0.390955248338151],[0, 0.5256497223507575],[0, 0.7625371161409219],[0, 0.42210171653820305],[0, 0.32865805433667894],[0, 0.19083833273600725],[0, 0.5019296477927269],[0, 0.6216397475011274],[0, 0.3446796403476855],[0, 0.36175025814490347],[0, 0.6446739375180095],[0, 0.9108170475273003],[0, 0.2601789453531623],[0, 0.6320875047435471],[0, 0.47594011526412394],[0, 0.5899821075506964]
武倩,[0, 1.0730121958090202],[1, 0.9054970470068291],[0, 1.1414133689932389],[0, 0.3862345665291134],[0, 0.48030250580363304],[0, 0.878879602346319],[1, 0.7906471667317039],[0, 1.1148406027356745],[0, 0.6271098105416408],[0, 0.8064449664500981],[0, 1.0168395986845256],[0, 0.8604210014260203],[0, 0.9848506162181265],[0, 0.31167652787273664],[0, 0.3110876229986164],[1, 0.6957426805704197],[1, 0.3844315456458706],[0, 0.4941436765666896],[0, 0.6519049412794762],[0, 1.0588386534374732]
周秀华,[0, 0.27508198827206165],[0, 0.1708245367413098],[0, 0.2544121348221394],[0, 0.26258027223212144],[0, 0.10845761864246425],[0, 0.5461525440904285],[0, 0.20495080356616366],[0, 0.45346654064717307],[0, 0.2633613015255385],[0, 0.40192888064420973],[0, 0.3145441726675563],[0, 0.6008761084465829],[0, 0.2976667083750709],[0, 0.04341113087092327],[0, 0.17238659480357096],[0, 0.28624015714488327],[0, 0.17423969266718106],[0, 0.7684877505828804],[0, 0.08289125199653422],[0, 0.955137775668626]
王金凤,[0, 0.426343697914471],[0, 0.36815444290371924],[0, 0.3201774164429244],[0, -0.043324521948793965],[0, -0.009557883085628632],[0, -0.08242118358880277],[0, 0.715870834777392],[0, -0.08007824648233738],[0, 0.47291110839523176],[0, 0.11823295104099177],[0, 0.4378034373920413],[0, 0.03194571215290534],[0, 0.48479837596784303],[0, 0.5900242204807493],[0, 0.4508615815617465],[0, -0.043945242956906244],[0, 0.6553172095199529],[0, -0.007735344304194175],[0, -0.07365936365557277],[0, 0.22994009368456983]
汪凤英,[0, 0.2555738355951752],[0, 0.22648115252958267],[0, -0.034620350109150544],[0, 0.15883816745841894],[0, 0.6479537688457901],[0, 0.5386677376360953],[0, 0.668651223774412],[0, 0.06044705684698415],[0, 0.6983379471275402],[0, 0.3622297376742044],[0, 0.18538252295750168],[0, -0.00100966793690771],[0, 0.2777932676972972],[0, 0.6867607991087559],[0, 0.6834010585746629],[0, 0.8635914659688786],[0, -0.07142026859177841],[0, 0.5716770705216564],[0, 0.4114767712951518],[0, 0.4043495647188172]
夏玉梅,[0, 0.7182133197595575],[0, 1.0121686422298117],[1, 1.1596078076301992],[0, 0.45191084791001696],[0, 1.0811228289070955],[1, 0.2822962147340276],[0, 0.8228654470927781],[0, 0.3116845443089152],[0, 0.6502185475436772],[1, 1.2055374145287234],[0, 0.528321624498117],[1, 0.5562789786899551],[0, 0.5216505948942536],[0, 0.4634888218609375],[1, 0.6485817548788719],[0, 0.8435119090188805],[0, 0.7436587215587644],[0, 1.2336342150448036],[0, 1.075712375041114],[0, 1.0629038807866165]
熊婷,[0, 0.20819941332745157],[0, 0.5800270132824535],[0, -0.09380470121825397],[0, 0.3498841399825278],[0, 0.22095806637268617],[0, 0.2946012642090587],[0, 0.12445050350371516],[0, 0.2284161074006959],[0, 0.6316740621689416],[0, 0.17847860348110706],[0, 0.3219951836163482],[0, 0.5188026260805224],[0, 0.5295180164013249],[0, 0.24783932159538596],[0, 0.5709675100288119],[0, 0.8321988917968672],[0, 0.6480371956093838],[0, 0.03360111950796378],[0, 0.44067381036420367],[0, 0.44576326120385795]
王杨,[0, 0.06811482044132194],[0, 0.2366574180392797],[0, 0.5692911405397698],[0, 0.054118327952529854],[0, -0.05647616232311575],[0, 0.22290866180107344],[0, 0.654903036571467],[0, 0.2718563896933009],[0, 0.5169609553767394],[0, 0.8332447518983046],[0, 0.49673049853830414],[0, 0.3891253862757223],[0, 0.7952084516264333],[0, 0.7136705809297879],[0, 0.42716293438684333],[0, 0.14609877083418005],[0, 0.6098595500346435],[0, 0.8588146775577779],[0, 0.6242225254649567],[0, 0.4205723462123074]
杜斌,[0, -0.058964009830818384],[0, 0.38073948728903084],[0, -0.03138954866137421],[0, 0.20251563072786627],[0, 0.7376060742774996],[0, 0.7883408643459356],[0, 0.5442932346108768],[0, 0.16170878927644017],[0, 0.756193813297125],[0, 0.7617532820504387],[0, 0.1511098673211988],[0, 0.3994318517351746],[0, 0.6961579461692401],[0, -0.05503140740494104],[0, 0.026038368860044972],[0, 0.8364940572199515],[0, 0.6127456489312256],[0, 0.16159202774004622],[0, 0.2695547274072583],[0, 0.6923835762607815]
李东,[0, -0.008266962218149043],[0, 0.662626740681419],[0, 0.2677630261209861],[0, 0.015995443126472497],[0, 0.04007754020840748],[0, 0.026158137836431172],[0, 0.2190437374557438],[0, 0.4103485263139881],[0, 0.6628444462338611],[0, 0.21120778073932034],[0, 0.11400358946372902],[0, 0.24221761852930235],[0, -0.041827751732989915],[0, 0.3046713267924823],[0, 0.2574958198899956],[0, -0.039121058913607176],[0, -0.08640478794299855],[0, 0.31743470461360157],[0, 0.8263096349627436],[0, -0.065662798981167]
葛桂珍,[0, 0.3757338374055789],[0, 0.382871438839027],[0, 0.2234325188305581],[0, 0.24576837584862915],[0, 0.5218820006690312],[0, 0.6514196839049293],[0, 0.26770892722820844],[1, 0.7897843861642104],[0, 0.8201595710636351],[1, 0.8306705536294214],[1, 0.17657815212329425],[0, 0.5268918376586733],[0, 0.5559773225067426],[0, 1.0809219665333056],[1, 0.29889585561208093],[0, 0.3778167120985029],[0, 0.7616454229235303],[0, 0.6014818332545608],[1, 0.17283351209533176],[0, 0.6991871055556615]
贾峰,[0, 0.5353517063348318],[0, 0.6888397660199868],[0, 0.8205274126744548],[0, 0.09385462355940974],[0, 0.5912890513303989],[0, 0.6130793127172122],[0, -0.007093833956485135],[0, -0.09092194776557341],[0, 0.815735840738572],[0, 0.5485186499066407],[0, 0.20839995203854508],[0, -0.03405409883621005],[0, -0.14186278466667981],[0, 0.5775532321467617],[0, 0.5066346779658178],[0, 0.6720910072129939],[0, 0.31396429232757317],[0, 0.13224719797133574],[0, 0.44417172715453024],[0, 0.08803947341508786]
刘秀芳,[0, 0.11561328157361611],[0, 0.526336240694615],[0, 0.109726564745049],[0, 0.7849190532348447],[0, 0.5686168520219237],[0, -0.08491673042879117],[0, 0.08244132498957785],[0, 0.11191717911803739],[0, 0.7491276112432461],[0, 0.6373355141522279],[0, 0.8658918554881376],[0, 0.7637865798164627],[0, 0.140039098723804],[0, 0.11599362492522286],[0, 0.3816228997722296],[0, -0.011821295351717775],[0, 0.09498544448306473],[0, 0.07176368887125467],[0, 0.1678548655053979],[0, 0.6746129424719067]
路亮,[0, -0.02263220728193427],[0, 0.39567792096923726],[0, 0.5992228650683292],[0, 0.3411958994013742],[0, 0.4627914072821204],[0, 0.5012608489729258],[0, 0.7180889206183825],[0, -0.09321635319410493],[0, 0.23176601275727915],[0, -0.0036347306099695498],[0, 0.08407529720377172],[0, 0.43192846537010676],[0, 0.5467567324934287],[0, 0.24767664711178894],[0, 0.6813926023690506],[0, 0.4378710746366896],[0, -0.06583380665957006],[0, 0.7706501654906508],[0, 0.8864267916537625],[0, 0.5751410313700652]
董伟,[0, 0.7874872949459409],[0, 0.06206780230458431],[0, 0.5255191614816718],[0, 0.7391305751211382],[0, 0.7170381250519374],[0, 0.7393483503964283],[0, -0.14670590384274373],[0, 0.4980231999934409],[0, 0.6446794517258908],[0, 0.0060746604966578355],[0, 0.6447513235781974],[0, -0.01476653550142748],[0, -0.05684561104909225],[0, 0.04518586579717787],[0, 0.6417901208503871],[0, 0.2392732035700995],[0, 0.41044059426338],[0, 0.5099369020145706],[0, 0.4951580705135924],[0, 0.41077275915456857]
王雷,[0, 0.478402314374459],[0, 0.4515970134113365],[0, 0.22814526390888723],[0, 0.643567430009266],[0, 0.5429948108349775],[0, 0.201760527370334],[0, -0.006113197384779223],[0, 0.1829003382158263],[0, 0.4043975730375904],[0, 0.37157418432501765],[0, 0.42118584850821905],[0, -0.009470127203573209],[0, 0.8711164108935379],[0, 0.5218189860039324],[0, 0.2902138636636049],[0, 0.9028210289182786],[0, 0.49988370901373136],[0, 0.2668522798596751],[0, 0.7170695405987771],[0, -0.0629217458311826]
张冬梅,[0, 0.8262402642790391],[0, -0.04225335857145293],[0, 0.7914068931951762],[0, 0.1478307883835646],[0, 0.4593795398686674],[0, 0.9368050862745008],[0, -0.038878191918340604],[0, 0.7117370931383941],[0, 0.6208935613884251],[0, 0.9142829489050465],[0, 0.6685601752321785],[0, 0.2057415880506739],[0, 0.4495303754042299],[0, 0.7891943824212742],[0, 0.942431868873921],[0, 0.30318522758591193],[0, 0.2740311149029435],[0, 0.5421310818606888],[0, 0.4551754748095468],[0, 0.39836148466997234]
周柳,[0, 0.7024133748787827],[0, 0.8379861128175308],[0, 0.5325963497767784],[0, 0.5597912162372852],[0, 0.06449912080814146],[0, 0.3011290133423954],[0, 0.8275000159157535],[0, 0.49295161273188237],[0, 0.02035080078122098],[0, 0.6864893635031237],[0, 0.7311273234193709],[0, 0.8487712378824225],[0, 0.02815176678827913],[0, 0.7642848461994535],[0, 0.8546650839785648],[0, 0.46949429029285294],[0, 0.5630212801288096],[0, 0.6286257357729961],[0, 0.47473136576090247],[0, 0.2801432072662393]
袁林,[0, -0.03364533993441751],[0, 0.27518500540323465],[0, 0.5139043319971667],[0, 0.8532260640744351],[0, 0.8406263454930041],[0, 0.6341378565209153],[0, -0.043081480284040324],[0, 0.5921781259494578],[0, 0.07615264557910409],[0, 0.2504935830981344],[0, 0.14561679712195488],[0, 0.47857030615456664],[0, -0.004855259111623961],[0, 0.35181685056403134],[0, 0.04103322305060533],[0, 0.23478203084454888],[0, 0.48796514910731115],[0, 0.34742282256230306],[0, 0.7739808170274206],[0, 0.608812420302267]
黄婷婷,[0, 0.22441884504325654],[0, 0.8721798199157511],[0, 0.3130739975956118],[0, 0.6534035426398932],[0, 0.6814140448145998],[0, 0.34031596251963064],[0, 0.6156056948698789],[0, 0.843695438011383],[0, 0.6916587980459916],[0, 0.9232116126057357],[0, 0.3678806686911575],[0, 0.9295851237816026],[0, 0.14949855087934133],[0, 0.028811718029627065],[0, 0.6420506895000391],[0, 0.6007717219938677],[0, 0.09644052031442091],[0, 0.5600899512224444],[0, 0.19394902364327654],[0, 0.2812598170082053]
蒙淑英,[0, 0.32882147510708026],[1, 0.30721686817438554],[0, 0.38278261329584506],[0, 1.15272246918438],[1, 0.21748735455660806],[0, 0.41517231903427987],[0, 0.6672299569760882],[1, 0.3248215627933051],[0, 0.967607201689914],[0, 0.8449326260031795],[0, 0.7610759544306247],[0, 0.7236771238963962],[0, 0.27428355833126283],[0, 1.1816332367379678],[0, 0.9291514780417206],[1, 0.9060567803529829],[0, 1.0971559469007517],[0, 0.24556832210607893],[1, 0.9623398583450185],[0, 0.47287911855845965]
孙桂英,[0, 0.4266949368118384],[0, 0.8894078579040159],[0, 0.4095253591194739],[0, 0.19819506917677004],[0, 0.8438553426956565],[0, 0.5016113611312452],[0, 0.42945823010725354],[0, 0.20236275207905757],[0, 0.4048106382651661],[0, 0.18565304976565128],[0, 0.5780063016471648],[0, 0.48615612689995075],[0, 0.907391593682046],[0, 0.6892556607054283],[0, 0.8798827365352835],[0, 0.7637113849591628],[0, 0.7748353147131479],[0, 0.36133108375217365],[0, 1.074304707919655],[0, 0.5413787326460353]
席霞,[0, 0.43641578441814594],[0, 0.9895003074244206],[0, 1.0225992871340106],[0, 0.3153010586668214],[0, 0.8916261034114001],[0, 0.6870171621049781],[0, 0.22512554853617445],[0, 0.8685491525685718],[0, 0.576080747260485],[0, 0.4790452683816266],[0, 0.643794899632171],[0, 0.9549320911309942],[0, 0.06823224560669577],[1, 0.2170396388250007],[0, 0.1779706373885807],[0, 0.12198226202758983],[0, 0.7751017683951185],[0, 0.9729082394266373],[0, 0.701610705887332],[0, 0.9104803179515575]
李博,[0, 0.19156322054308234],[1, 0.17290319930340686],[0, 0.6750253430566708],[0, 0.5845312391829474],[0, 0.6911353311564685],[0, 0.936682459276537],[1, 0.5422214558509373],[0, 0.9918917790273354],[1, 0.45977682705490425],[0, 0.6416710436624586],[0, 0.8199061885696932],[0, 0.8797098267161916],[0, 0.9358889189946638],[0, 0.7333476084093744],[0, 0.6800359041253405],[0, 0.780120056062745],[0, 0.9496910332617827],[0, 0.8444475931726398],[0, 0.9405604767664357],[0, 0.8090910647403022]
陈健,[0, 0.6282272961285471],[0, 0.9116828952781704],[0, 0.5740889944249778],[0, -0.027511318663132445],[0, 0.17191599119428608],[0, 0.5813419163030533],[0, 0.15882403422406016],[0, 0.6857767582946237],[0, 0.4735436729355677],[0, 0.18447334164621793],[0, 0.4271450933522432],[0, 0.23033124421294932],[0, 0.8461191742764445],[0, 0.3949684114583612],[0, 0.8621033568411669],[0, 0.761684711411605],[0, 0.3565316256818722],[0, 0.7820195965141787],[0, 0.3262664567826748],[0, 0.6865725589083695]
李璐,[0, 0.18301833395981765],[0, 0.41930342738919085],[0, 0.13941680561012443],[0, 0.574743311851849],[0, -0.06950000083527402],[0, 0.3075050137027266],[0, 0.3359651659996626],[0, 0.08369512658390615],[0, 0.17657520763440876],[0, 0.46283218168177515],[0, 0.20925105923074688],[0, 0.6971797104745454],[0, 0.18796998753950495],[0, 0.43895546443900074],[0, 0.3770960630722618],[0, 0.5937572760215004],[0, 0.6264989707275361],[0, 0.5469488586974622],[0, -0.041433907286320515],[0, 0.01813380938810666]
李琴,[0, 0.01028639637987197],[0, 0.24098909329377274],[0, 0.15392561059323664],[0, -0.048813327840621173],[0, 0.04161895616468972],[0, 0.00521012436497395],[0, 0.38246900729419486],[0, 0.27704220914440314],[0, 0.0780114719053572],[0, 0.6117886061990407],[0, 0.1520272820577209],[0, 0.5847212879050953],[0, 0.21913057359438207],[0, 0.40591713919919503],[0, 0.6028887462961559],[0, 0.762929227112095],[0, 0.6438145457016493],[0, 0.052505119330846145],[0, -0.012905391679985029],[0, 0.41663184747398163]
徐洋,[0, 0.06283197000284185],[0, 0.08142389629778463],[0, 0.5983866385441681],[0, 0.4900475697840921],[0, 0.2969181926367466],[0, 0.2032044223600919],[0, 0.22484528805364862],[0, 0.4259297061783181],[0, -0.0023857717527153155],[0, 0.5405392484734146],[0, 0.3657931397716801],[0, 0.8925577119683752],[0, 0.6129344498138962],[0, 0.1968427664514893],[0, 0.1564548128492959],[0, 0.9603458114815251],[0, 0.2126993577022575],[0, 0.6912091836767638],[0, 0.786533541133096],[0, 0.5724281831944575]
谢璐,[0, 0.3157673465855514],[0, 0.32377925134764884],[0, 0.7263789446869409],[0, 0.04956217805278908],[0, -0.11753704711914124],[0, 0.009674476261360657],[0, 0.6019677837761176],[0, 0.6959736592546256],[0, 0.05741476659726431],[0, 0.36220477365767223],[0, 0.8229922328672419],[0, 0.07655308788567551],[0, 0.8468154779513648],[0, 0.3908293122184936],[0, 0.03856218101147314],[0, 0.834398906129117],[0, -0.07299386364745096],[0, 0.567954266487966],[0, 0.6102480284316227],[0, -0.0019532983176547697]
张柳,[0, 0.438672828390968],[0, 0.4352009768222821],[0, 0.07550618372737541],[0, 0.6989115570411731],[0, 0.8759273335599013],[0, 0.37591709205911306],[0, 0.13290906275553885],[0, 0.35558628487518795],[0, 0.8595493876117608],[0, 0.769062807361317],[0, -0.021839632493633382],[0, 0.2869504537654043],[0, 0.7730801512139698],[0, 0.07416314421311768],[0, 0.9366457185303706],[0, 0.5906817663849431],[0, 0.7825364999740273],[0, 0.23967668633053554],[0, 0.06856019255536308],[0, 0.48069723875377623]
李凤兰,[0, 0.5802158278821321],[0, 0.8712700205916606],[0, 0.3621062656828108],[0, 0.9295398299169071],[0, 0.42980097785815685],[0, 1.007944029714892],[0, 0.8099089165038299],[0, 0.24372063906146302],[0, 0.41527152973857084],[0, 0.10250972664468894],[0, 0.21773679024450276],[0, 0.9320424835038047],[0, 0.33804847534847093],[0, 0.4113362762590621],[0, 0.8912080944895419],[0, 0.09650119714048155],[0, 0.10272722332971351],[0, 0.08412936673002669],[0, 0.8417724053200581],[0, 0.7473967300629123]
吴红霞,[0, 0.2980309279707213],[0, 0.024913571959198966],[0, 0.08440572547683467],[0, 0.46957754345222014],[0, 0.4719576491240013],[0, -0.039238150925894555],[0, 0.4584011198989998],[0, 0.26081054729678765],[0, 0.596576089801786],[0, 0.7159787408427684],[0, 0.18266162078937165],[0, 0.7077571707661654],[0, 0.10929271563466747],[0, 0.5778695335557343],[0, 0.12139090411476572],[0, -0.07394491359224553],[0, -0.14732130936011434],[0, 0.48657268660748765],[0, 0.26907457252839817],[0, 0.7256382703737562]
姜杨,[0, 0.7047149187342148],[0, 0.3002941745431062],[0, 0.07364538238594905],[0, 0.16063975391195445],[0, 0.013465621912095951],[0, 0.6524040196255978],[0, 0.8443672020002265],[0, 0.04552220904076783],[0, 0.6246291306404675],[0, 0.7385105131738726],[0, 0.7151390354091964],[0, 0.22274920619766364],[0, -0.07123504959619957],[0, 0.012523215118785916],[0, 0.856263723151643],[0, 0.6200670215506182],[0, 0.44919488509143585],[0, 0.6106661281961644],[0, 0.15637485924497047],[0, 0.5355803011064739]
朱磊,[0, 0.1904067013855956],[0, 0.5208524863899174],[0, 0.2529148875905004],[0, 0.6202967394596367],[0, 0.5678758072860169],[0, 0.2104039614018324],[0, 0.8421503338846478],[0, 0.4520870196693332],[0, 0.23598613126528825],[0, 0.8532095406981028],[0, 0.9144814677293999],[0, 0.32695394811398837],[0, 0.5138025616251842],[0, 0.09361636181511349],[0, 0.8819255119600515],[0, 0.05328797666833865],[0, 0.16930564474180068],[0, 0.3621387170682381],[0, -0.0012739697549439544],[0, 0.7397876342845796]
王玉梅,[0, 0.24007750742439216],[0, 0.2329381555242186],[0, 0.6592424973285823],[0, 0.1622154663344365],[0, 0.7033426468137502],[0, 0.1373956165998632],[0, 0.06513125570336487],[1, 0.6745556092220847],[0, 0.504285728034007],[0, -0.038586309821700304],[0, 0.24261316406408096],[0, 0.19843097794175912],[0, 0.5776125048280416],[0, 0.03472416026042224],[0, 0.21369713193645223],[0, 0.5130130598775252],[0, 0.5491488944224169],[0, 0.21130134471378748],[0, 0.6880555510473957],[0, 0.42152967325093427]
梁小红,[0, 0.7210279394242425],[0, 0.28044090709973174],[0, 0.5136202218991617],[0, 0.30045793720272357],[0, 0.14606407741670585],[0, 0.6113472129482707],[0, -0.12447932946638501],[0, 0.05310370044669738],[0, -0.12437653748811933],[0, 0.43669435320102107],[0, 0.3745870803813763],[0, 0.23735892859207214],[0, -0.111822641801196],[0, 0.5432027932300316],[0, 0.3215275791353403],[0, 0.32482795226679434],[0, 0.6561143591252625],[0, 0.22863705671922546],[0, -0.07762699754687236],[0, 0.8607230731061628]
周秀芳,[0, 0.5554736790914628],[0, 0.20555118732427888],[0, 0.7762830179737592],[0, -0.1194308769714402],[0, 0.5062605002065791],[0, 0.8547041466418893],[0, 0.4404247807780889],[0, -0.1159824461938899],[0, 0.4669872698725297],[0, 0.5437398668790423],[0, 0.4053793365236592],[0, 0.4635979874806293],[0, 0.1487243391708903],[0, 0.6390152491101379],[0, 0.4994196128223942],[0, 0.856409976020752],[0, -0.051098061812856505],[0, 0.49175223771431575],[0, 0.7376635062106631],[0, 0.15503928920686513]
刘丽,[0, 0.24537789000096485],[0, 0.22524329726368794],[0, 0.548932187164737],[0, 0.7553081496501087],[0, 0.4063494959149667],[0, -0.057006634443533294],[0, 0.33108951691806],[0, 0.5281656358160062],[0, 0.08075268674368416],[0, -0.017586867629900166],[0, 0.47255821042100643],[0, 0.3266602135354473],[0, 0.5613222872117121],[0, 0.6135859265188821],[0, -0.12917687244170764],[0, -0.060684764201809266],[0, -0.054485438553018045],[0, -0.0024689478606051696],[0, 0.07024050771655907],[0, 0.7743171347708716]
李洋,[0, 0.6654664317463985],[0, 0.9802232199961516],[0, 0.2009624828214474],[0, 0.6715513223403986],[0, 0.4406094994571081],[0, 0.5053341810632708],[0, 1.025731142770121],[0, 0.9352664190949649],[0, 0.47471420737276143],[0, 0.3834256034748989],[0, 0.12445820268561186],[0, 0.9976087727506686],[0, 0.17985430046890966],[0, 0.7277306498729021],[0, 0.09913782610646488],[0, 0.34249099955392864],[0, 0.36075056959679924],[0, 0.21165456186208859],[0, 0.49243251973659824],[0, 0.3007231147547012]
杜勇,[0, 0.5455538367649528],[0, 0.48243320762634256],[0, 0.5426738100395566],[0, 0.39556193351204516],[0, 0.08610931847389658],[0, 0.5637401383152849],[0, 0.2888655700065206],[0, 0.24390812194165334],[0, -0.05589235609521981],[0, 0.22217819063962696],[0, 0.42109487005087876],[0, 0.3552441390164538],[0, 0.08105581013302543],[0, 0.24216454139662746],[0, -0.10074111784345174],[0, 0.5105202850090089],[0, 0.31999708610039823],[0, 0.5148503524314476],[0, 0.29509639152409417],[0, 0.6017183133195936]
赵桂香,[0, 0.7565879520655029],[0, 0.2883876873172174],[0, 0.0194738224965485],[0, 0.2712424484027176],[0, 0.3658963031796446],[0, 0.560628107265653],[0, 0.2972899989308049],[0, 0.6858806816639282],[0, 0.3290709308459624],[0, 0.6511140358115205],[0, -0.17773686131719224],[0, 0.3008814262473579],[0, 0.0996750871531682],[0, 0.29216956081367973],[0, 0.7680865113774908],[0, 0.5674207991199287],[0, 0.5230416490470152],[0, -0.09867520518208506],[0, 0.6823093444897999],[0, 0.6063306262380657]
胡勇,[0, 100],[1, 100],[1, 100],[1, 100],[1, 100],[1, 100],[1, 100],[1, 0.4935557498333299],[1, 0.06307662551874843],[1, 100],[1, 100],[1, 100],[0, 100],[1, 100],[1, 100],[1, 100],[0, 100],[1, 0.8203894166947943],[0, 100],[1, 100]
吴兰英,[0, 0.403148622168985],[0, -0.0876187222657146],[0, 0.8116148354039074],[0, 0.030719585474520528],[0, 0.22851524585510835],[0, -0.053834262647555364],[0, 0.6186128596906963],[0, 0.7928514506517816],[0, -0.05118096400184763],[0, -0.07527858752424171],[0, -0.025621419479105068],[0, 0.8168928278122745],[0, 0.6207205025033053],[0, 0.4469690886230418],[0, 0.31302981959018455],[0, 0.7282148970719164],[0, 0.43033737829863256],[0, 0.15127327814823982],[0, 0.21954776344693755],[0, 0.44879630716542024]
彭桂珍,[0, 0.5243277765026444],[0, 0.8270555618024726],[0, 0.40799765734996984],[0, 0.5846163852433776],[0, 0.842862478117585],[0, -0.012764064878082931],[0, 0.4205667830361054],[0, -0.036960929273271576],[0, 0.6198207058829943],[0, 0.15520249799936023],[0, 0.4067627683497953],[0, 0.3717638823399304],[0, 0.5426903082970845],[0, 0.7291609221143883],[0, 0.8385088173008591],[0, 0.7866047170681755],[0, -0.022993295553111165],[0, 0.5129225978452752],[0, 0.4211654732323016],[0, 0.4266748513282945]
王桂英,[0, 0.4709052252652377],[0, 0.16224301056616786],[0, 0.3573638658482803],[0, 0.046869753999869035],[0, -0.14981101822932008],[0, 0.48719776384823643],[0, 0.7644793769347098],[0, 0.0626271219055835],[0, 0.6352311708857015],[0, 0.6587159651304199],[0, 0.43908871916817727],[0, 0.8134241230219755],[0, -0.05523538436898423],[0, 0.06602661426656242],[0, 0.37226278441889815],[0, 0.6243777539748029],[0, 0.6242999477915164],[0, 0.40594873169258217],[0, 0.6276781462083205],[0, -0.06055661776869148]
黄晶,[0, -0.004101207136206597],[0, -0.00551874865365215],[0, 0.35412032460416815],[0, 0.3830043180026809],[0, -0.0059535900517161955],[0, 0.03264100248644991],[0, -0.014944419087203176],[0, 0.1440466515663233],[0, 0.6791732678994147],[0, 0.5884150826038388],[0, 0.6435473204124365],[0, -0.11658163926078585],[0, -0.16458090062029335],[0, 0.16993569129948988],[0, 0.2634181789252596],[0, 0.48459121074630424],[0, 0.5301742348005059],[0, 0.22560089483780693],[0, 0.6684451615335927],[0, 0.041999008507109636]
王红,[0, 0.5534676437334382],[0, 0.4411636686502619],[0, 0.04732774401711795],[0, 0.4585615589892321],[0, 0.6580443172864465],[0, 0.7813882364495885],[0, 0.2512329513337809],[0, 0.39956148508437606],[0, 0.7377364290587023],[0, 0.356422063229882],[0, 0.5618910639439891],[0, 0.01099691746653933],[0, 0.4201363391609587],[0, 0.4460605835264224],[0, 0.3134580417509175],[0, 0.6738629221596368],[0, 0.6096035691482433],[0, 0.643700901787927],[0, 0.37172389752700685],[0, 0.7468223833166061]
唐琳,[0, 0.7757119039567598],[0, 0.8172244680743053],[0, 0.5391905493620547],[0, 0.024574157028380506],[0, 0.07652497909225076],[0, 0.6342897842075232],[0, 0.15308868949420917],[0, 0.40135495791899756],[0, 0.0005929440206754455],[0, 0.6064777583241342],[0, 0.812594033809781],[0, 0.38111543978585993],[0, 0.6860272332297989],[0, 0.4641345250983676],[0, 0.33325243639877067],[0, 0.7118660322595621],[0, 0.07896906859991393],[0, 0.8756938445301028],[0, 0.23114851956888394],[0, 0.3837938365697524]
曹秀英,[0, 0.30002825436845204],[0, 0.0230416328483055],[0, 0.8344544445203939],[0, 0.4972801583174806],[0, 0.6051072632871775],[0, 0.7036310271371762],[0, 0.18596608948382554],[0, 0.3812942938715539],[0, 0.2054812893687259],[0, 0.5280955020227465],[0, 0.1714473138270317],[0, 0.41047369332373473],[0, 0.8227684924987351],[0, 0.4184309391796386],[0, -0.04843072230619318],[0, 0.03639455040902083],[0, -0.060233972105757885],[0, 0.0967303095421833],[0, 0.6184927458545728],[0, 0.4898865314571659]
潘桂香,[0, 0.3874665913341368],[0, 0.6427793763960121],[0, 0.0043628779245358795],[0, 0.9214109096743333],[0, 0.3070630453957118],[0, 0.9151539417119492],[0, 0.7761008932185105],[1, 0.36879868860333803],[0, 0.1036332753102473],[0, 0.7563006746861001],[0, 0.9544697604216077],[0, -0.013139778445572958],[0, 0.28068291929975814],[0, 0.5827991517935156],[0, 0.3740044454287403],[0, 0.49420417016331836],[0, 0.1691415960300396],[0, 0.15621017234373774],[0, 0.04031349175803517],[0, 0.2221866933608148]
王秀珍,[0, 0.5577288243028371],[0, 0.6248082596068528],[0, 0.6923544388151721],[0, 0.9209730600672271],[0, 0.41888233160376454],[0, 0.6203288094155276],[0, 0.5637698094127941],[0, 0.05090602479842424],[1, 0.7198676389478297],[1, 0.9926025156368994],[0, 0.6825355095862243],[0, 0.36217765465171015],[0, 0.6780970265434798],[0, 0.43418464995735473],[0, 0.5877443576403205],[0, 0.24922516692621768],[1, 0.1393099656028717],[0, 0.5634098488959799],[0, 0.09788829442192062],[0, 0.7033971309564723]
王艳,[0, 0.345446603382369],[0, 0.21043576016076626],[0, 0.11845880053585323],[0, 0.22385021958076456],[0, -0.09124491439946403],[0, 0.3627638206651871],[0, 0.06884422298422399],[0, 0.5116078027425982],[0, 0.5856830666062385],[0, 0.6948637916559485],[0, -0.07701374940460037],[0, 0.5996702711475628],[0, -0.1371296476948588],[0, 0.6544320765920377],[0, 0.4888856767702524],[0, 0.46116138333550705],[0, 0.1921059269672869],[0, 0.769786472829364],[0, 0.18966594123987235],[0, 0.41653294105183325]
王玉英,[0, 0.05542967462757317],[0, 0.8301110923494422],[0, 0.36615146094688844],[0, -0.04764222903742213],[0, 0.48600265820088673],[0, 0.39578153916934244],[0, 0.7186523930518072],[0, 0.45369854607871973],[0, 0.6459811396315756],[0, 0.16988020876660934],[0, 0.8026030928237128],[0, 0.4871758994403592],[0, 0.16390991680082886],[0, 0.7398531530719508],[0, 0.40512321718095834],[0, 0.29933114098927516],[0, 0.5688814046920917],[0, 0.32249769252481264],[0, 0.4348121943546662],[0, 0.2603206069622227]
侯丽娟,[0, 0.395076946825361],[0, 0.16575354605128567],[1, 0.07907059009252271],[0, 0.8267946239884921],[0, 0.17899378364787932],[0, 0.12526921804357505],[0, 0.3192561034917175],[0, 0.9880235850662616],[1, 0.41643061104252244],[1, 0.21900385326439586],[0, 0.6627569711633958],[0, 0.10924449323141305],[0, 0.39607630301041075],[0, 0.7840807400791783],[0, 0.8079830881104216],[0, 0.784971337454076],[0, 0.09853796892922073],[0, 0.8150452281266277],[0, 0.16093968274792925],[1, 0.7383859033140111]
樊秀芳,[0, 0.3569819385640954],[0, 0.1134659983996052],[0, -0.07156512490931272],[0, 0.9255170761868028],[0, 0.8593751735112909],[0, 0.2330355574146506],[0, 0.05249951387745527],[0, 0.2590618374085714],[0, 0.7443743054007883],[0, 0.811297597944663],[0, 0.43168116020108377],[1, 0.5072064711014819],[0, 0.07865610513020665],[0, 0.28347368887198593],[0, 0.6389851810817948],[0, 0.33568354364082836],[0, 0.5725146423775711],[0, 0.3454936819485093],[0, 0.39304428965869315],[0, 0.34911978514753744]
王瑞,[0, -0.04352458300772191],[0, 0.4219057614067714],[0, 0.7722884994262352],[0, 0.7971302416806204],[0, 0.09752086825447856],[0, -0.027777721166940467],[0, 0.2881599141758422],[0, 0.3154271370256042],[0, 0.727832005133129],[0, 0.008240967786080383],[0, 0.379389148959399],[0, 0.016156973298084826],[0, -0.09353763445187505],[0, 0.3030381107451606],[0, 0.19272645777434147],[0, 0.4920967531893895],[0, 0.06560517545720587],[0, 0.11746067102317612],[0, 0.5172520219003214],[0, 0.46148419642502925]
毛芳,[0, 0.07173048044155894],[0, 0.9368508674574494],[0, 0.7434299252450435],[0, 0.21974095080654044],[0, 0.5300048002021363],[0, 0.13909857929569125],[0, 0.8309743295063512],[0, 0.2047837676905182],[0, 0.7580368233105841],[0, 0.5572313999919596],[0, 0.3333923152359204],[0, 0.29862565830428356],[0, 0.8379436448785905],[0, 0.810164916132345],[0, 0.40454026021299405],[0, 0.5593664991943808],[0, 0.5026785446538814],[0, 0.5485872249430539],[0, 0.9267727454417205],[0, 0.40910167895292326]
洪利,[0, 0.5207460121297028],[0, 0.7961923075076442],[0, 0.5961933874680806],[0, 0.3820846862439736],[0, 0.36850128384605374],[0, 0.6749233231668708],[0, -0.013518699141583351],[0, 0.2969639253066213],[0, 0.37542154098099356],[0, -0.07146023378787295],[0, -0.11649356765876676],[0, 0.7363609458221676],[0, 0.6133725340020331],[0, -0.005114913419574957],[0, 0.2746308628623968],[0, 0.28862508518801955],[0, 0.10992734678557622],[0, -0.12791641968500858],[0, 0.3229992872750369],[0, 0.4490712701977785]
马桂花,[0, 0.5280841524708024],[0, 0.3872528654579294],[0, 0.6248771774874333],[0, 0.5315633002982278],[0, 0.06004176649400278],[0, -0.05694800508258174],[0, 0.7554741098442288],[0, 0.5201235922674132],[0, 0.4372956413784718],[0, 0.04641213434610886],[0, 0.18238535906118353],[0, -0.05240024776682478],[0, 0.04310048995333143],[0, -0.07875313363486808],[0, 0.5664143021759447],[0, -0.15498572200787436],[0, 0.5158016312040885],[0, 0.4067110717426447],[0, 0.6089092189280065],[0, 0.34021614973275655]
陈楠,[0, 0.33759383458864767],[0, 0.5121182799244351],[0, 0.15172762988828917],[0, 0.601028765378582],[0, 0.5380499260981138],[0, 0.5949055642186473],[0, -0.06037890533529708],[0, -0.08458046714138354],[0, 0.8516351090118546],[0, 0.7922691594410127],[0, -0.038171662335382245],[0, 0.8869778796041551],[0, 0.6906416874672359],[0, 0.7191610477252585],[0, 0.34409724001105113],[0, -0.05047592953457955],[0, 0.6048752797127983],[0, 0.3965299569445423],[0, 0.4331961485846617],[0, 0.00044233395738715875]
文秀英,[0, 0.7292783406708272],[0, 0.012307392038663406],[0, -0.039693627300513595],[0, 0.3268712253406615],[0, 0.11655888014351182],[0, 0.31175362685287344],[0, -0.00561830391026405],[0, 0.7463882332299898],[0, 0.7944961411319987],[0, 0.3005846384936496],[0, 0.48157587709268856],[0, 0.04015238149327663],[0, 0.7127091013872775],[0, -0.02218447643563634],[0, -0.09451718861437683],[0, 0.09728913936785646],[0, 0.05920934470352604],[0, 0.014698643416965057],[0, 0.5970801786802461],[0, 0.34689779849285707]
赵桂英,[0, 0.20593947576843222],[0, 0.5478552132733894],[0, 0.5973500111285454],[0, 0.14565333826787122],[0, 0.6244553149056586],[0, 0.8153374702570171],[0, 0.5041321300826298],[0, 0.4662447329718795],[0, -0.06211736772661633],[0, 0.2838194719231728],[0, 0.10024277512314209],[0, 0.20635434293703683],[0, 0.2813684350225918],[0, 0.6484839168284532],[0, 0.3854872794971176],[0, -0.049101555433566285],[0, 0.5384032090188571],[0, 0.8006895871684825],[0, 0.648918447170449],[0, 0.7471617430168648]
杨桂花,[0, 0.5569115085150342],[0, -0.01473896078499487],[0, 0.2914988883789639],[0, 0.3741700750526015],[0, 0.8250502424587798],[0, -0.14383127561369163],[0, 0.1343717463901905],[0, 0.6988012698819646],[0, 0.6234929206765747],[0, 0.25639254261307026],[0, 0.7989326526635232],[0, 0.8177568412622969],[0, 0.7488643636253627],[0, -0.010803697900505893],[0, 0.08298802518931919],[0, 0.36097423033360093],[0, 0.40248200736165335],[0, 0.6851720816766806],[0, 0.7857151503591369],[0, 0.14060067417999972]
