章瑞,[1, 0.4509674652583575],[0, 100],[1, 100],[1, 100],[1, 100],[1, 100],[1, 100],[1, 100],[1, 1.0019955133841418],[1, 100],[0, 100],[1, 100],[1, 100],[1, 0.9020422961684346],[1, 100],[1, 100],[0, 100],[1, 0.6122050570901043],[1, 100],[1, 100]
李军,[1, 100],[1, 100],[1, 1.6051603671801353],[1, 100],[0, 100],[1, 100],[1, 100],[1, 100],[0, 100],[1, 100],[1, 100],[1, 100],[0, 100],[1, 100],[1, 100],[0, 100],[1, 100],[1, 100],[1, 100],[1, 100]
陈桂珍,[1, 100],[0, 100],[1, 100],[1, 100],[1, 0.9662897491747192],[1, 0.8057454700376852],[0, 1.654446479432567],[1, 0.703047482093213],[1, 0.9074293918391414],[1, 100],[1, 100],[1, 0.927800884203098],[1, 100],[1, 1.3394712085140201],[1, 100],[1, 100],[1, 100],[1, 100],[1, 1.3042436499356618],[1, 100]
裴瑜,[1, 100],[1, 100],[1, 100],[1, 100],[1, 100],[1, 100],[1, 100],[1, 100],[1, 0.9748270866799417],[1, 100],[1, 100],[1, 100],[1, 100],[1, 100],[1, 100],[1, 100],[1, 100],[0, 100],[1, 100],[1, 100]
毛云,[1, 100],[0, 100],[1, 100],[1, 100],[0, 100],[1, 100],[1, 100],[1, 100],[1, 1.0338825426767346],[1, 0.7584670535815284],[1, 100],[1, 100],[1, 100],[1, 100],[1, 100],[1, 1.5973757013846437],[0, 100],[1, 100],[1, 100],[0, 100]
刘秀英,[1, 100],[1, 100],[1, 100],[1, 100],[1, 1.2549878082377823],[1, 0.9406765312672454],[1, 100],[1, 100],[1, 100],[1, 1.5716024435470342],[1, 100],[0, 100],[1, 100],[1, 100],[1, 100],[1, 100],[1, 100],[0, 1.0563737945359941],[0, 100],[1, 100]
林建华,[1, 1.29564608295229],[1, 100],[0, 100],[1, 100],[1, 100],[1, 100],[1, 100],[0, 100],[1, 100],[1, 0.7567548970168639],[1, 1.389966356760553],[1, 100],[1, 100],[1, 0.6153596985999614],[0, 100],[1, 100],[1, 100],[1, 0.9320201561567805],[0, 0.4456456802350661],[1, 100]
李云,[1, 100],[0, 0.9522903576037057],[0, 100],[1, 100],[0, 100],[1, 100],[1, 100],[0, 100],[1, 100],[1, 100],[0, 100],[1, 100],[1, 0.9549600728314779],[1, 100],[1, 1.476395145548246],[0, 1.4075312692398974],[1, 100],[1, 100],[1, 100],[1, 100]
赵丽华,[1, 1.4550849371940653],[0, 1.1468581643550222],[0, 1.8750917537774097],[0, 1.3485465409770727],[0, 1.1168832066883512],[0, 0.9777275005736997],[0, 1.6426333788049765],[0, 1.536528996231084],[0, 1.310226216185861],[1, 1.001381482426599],[0, 1.7233021500995682],[0, 1.6721441138602962],[0, 1.495710143270721],[0, 1.6627942200299384],[0, 1.7832551988098007],[0, 1.8998108018742],[0, 1.521071579613051],[1, 1.6169245199100166],[1, 1.663369502148699],[0, 1.505967124774621]
张丽,[1, 1.1705063152418056],[0, 1.7101680462729245],[0, 0.9811500732638313],[0, 1.0674585756236072],[1, 1.871940457744413],[0, 1.3603936682551927],[0, 1.5802669469783517],[0, 1.6310000802953786],[1, 1.6037474438977242],[1, 1.1671792812613546],[0, 1.1851602070313818],[0, 1.4869644563489124],[1, 1.1405631672924248],[0, 1.6445215200528165],[0, 1.2398565261655692],[0, 1.6531573903915886],[1, 1.3618405194120529],[0, 1.1059473092935355],[0, 1.7019740424562966],[0, 1.3622221844787779]
王红,[0, 1.3979519208568625],[0, 1.7534099062084123],[1, 1.6630195203076998],[1, 1.177266853370303],[0, 1.746132738949711],[0, 1.5966254256167516],[1, 1.1352264695228271],[0, 1.7173475288572593],[0, 1.2733965319736607],[0, 1.4371637862500366],[1, 1.713190756771755],[0, 1.0476100766863823],[0, 1.577181153178371],[0, 1.2963114960887951],[0, 1.7823060698698265],[0, 1.9011559751038285],[0, 1.317479963928816],[1, 1.2036904234216108],[1, 1.3113090983485487],[0, 1.9231233094145066]
黄建,[0, 1.7834605977747455],[0, 1.0821577415044374],[0, 1.5805134711159283],[0, 1.4981656330055195],[0, 1.5622659301532016],[0, 1.7050295758525364],[0, 1.2360759301958233],[0, 1.2209556889012854],[0, 1.7775153489297988],[0, 1.0585578415027017],[0, 1.452159394902131],[0, 1.7086533230825143],[0, 1.8126733962474664],[1, 1.2552012895715317],[0, 1.1063088687960978],[0, 1.2906119271909655],[0, 1.4262781010162584],[0, 1.568988522203073],[0, 1.5921801173698276],[0, 0.8939692592943826]
赵秀华,[0, 1.3281527852103399],[0, 0.9701303684303233],[0, 1.103102267241773],[0, 1.4811330487276493],[1, 1.5384738051473938],[1, 0.9237884273454816],[1, 1.5287503968506626],[1, 1.4064531432992766],[0, 1.8494709879739122],[0, 1.2328803842780123],[0, 0.9728156877345212],[0, 1.7131916789036752],[0, 1.5218476336212279],[0, 0.9604335389598323],[0, 1.4389965709433157],[0, 1.1213009618972465],[0, 1.6462940056197952],[0, 1.0292981184073589],[0, 1.860920855044374],[0, 1.3443297226543072]
钟淑兰,[0, 1.4233807307265791],[0, 1.125125192579068],[0, 1.2716168256039841],[0, 0.9123670918431547],[1, 0.8968848368594916],[0, 1.7948359412881714],[0, 1.6141556888435136],[0, 1.4921142874081563],[0, 1.384231779463574],[0, 1.806331208673174],[0, 0.8882929510756193],[1, 1.192177021496837],[0, 1.734583419653935],[0, 1.8042727219901926],[0, 1.2888818950495193],[0, 0.9678645223074115],[0, 1.287446412755274],[0, 1.6574348078511356],[0, 1.7787278060245768],[0, 1.0105017637941993]
崔斌,[0, 1.565298599397055],[0, 1.4309284634464046],[0, 1.4352829971976546],[0, 0.996078348282735],[0, 1.656556888403239],[0, 1.7115788639041032],[0, 0.8073871364561389],[0, 1.282209740328001],[0, 1.0361321960707541],[0, 0.8630468072532371],[0, 0.8916209900776175],[0, 1.6360840901717184],[0, 1.7223238772379885],[0, 1.371922499470712],[0, 1.3196178672242964],[0, 1.4134445455690885],[0, 1.2554380426043987],[0, 1.1224102631691655],[0, 1.060558222925285],[0, 1.5391512818539232]
洪春梅,[0, 1.4561537667828963],[0, 1.613532288198953],[0, 1.593412619245356],[1, 1.8086864402997436],[0, 1.2260245527220537],[0, 1.831606284196671],[0, 1.6087972975293385],[0, 1.4644431295743308],[1, 1.380263494143678],[0, 1.6681290536321767],[0, 1.0656603493308048],[0, 1.772205649444452],[0, 1.0949134073902638],[0, 1.718810453067427],[0, 1.4140328774848054],[0, 1.150893576775304],[0, 1.0055086526115034],[0, 1.3680335404195323],[0, 1.1228262378165033],[0, 1.4252413126606147]
蔡飞,[0, 1.5380599480610475],[0, 1.3069111359053998],[0, 1.1245703116537358],[0, 1.5756253653433916],[0, 1.479801329411368],[0, 1.3093421737942976],[0, 1.7881870694164905],[1, 1.4627997724566009],[0, 1.6416598992874984],[0, 1.729676312355891],[0, 1.674779265960939],[0, 1.6068865826371996],[0, 1.7329096152980257],[0, 1.7409500038668493],[0, 1.6285559154372433],[0, 1.2851721212109632],[0, 1.6730437884688905],[0, 1.823896724172017],[0, 1.0715870633779132],[0, 0.9060186235735627]
褚琴,[0, 0.8546996965284158],[0, 1.0010055601615804],[0, 1.0468039937063849],[0, 1.5740513906446014],[0, 1.062905347960803],[0, 1.6178282823166916],[0, 1.213101513243965],[0, 1.364003699689478],[0, 1.065283089165898],[0, 1.095839797720637],[0, 1.2718217522585666],[0, 0.9017238254731155],[0, 0.9620712475959107],[0, 1.340307127166938],[0, 0.9974264028383661],[0, 1.1428987827139134],[0, 1.6334456844169862],[0, 0.8746673155600674],[0, 1.0966704499447053],[1, 1.2274403064825357]
邱波,[0, 0.7566789026058174],[0, 0.9626719368182708],[0, 1.6532539242954307],[0, 0.7683039586667558],[0, 1.199984391904022],[0, 0.8835928692619682],[0, 1.4279330134650274],[0, 0.792804235375532],[0, 1.2713502976134265],[0, 1.1255411347846223],[0, 1.6389098528346944],[0, 0.9942328904556196],[0, 1.6307820742544008],[0, 0.9517526961651976],[0, 0.7214180077077389],[0, 0.901813527502019],[0, 1.5268652551488842],[0, 1.3905513361662245],[0, 1.2829447034229775],[0, 0.7431012592179149]
史帅,[0, 1.6777986937696445],[1, 1.0374376082005181],[0, 0.9398819068868908],[0, 1.264462208416866],[0, 1.1662934351467378],[0, 0.9759255965984588],[0, 0.8782113525671379],[1, 1.7504456779087403],[0, 1.4281889422127434],[0, 1.058963424384404],[0, 1.228245065679049],[0, 1.7335913039509991],[0, 0.973566632406315],[0, 1.407425115050554],[0, 1.6589415178892741],[0, 0.8342620234407465],[0, 1.2089940298902562],[1, 1.2068563741380895],[0, 0.9089848536378518],[0, 1.3930679593701027]
李鹏,[0, 1.5691633416597308],[0, 1.6541188516923024],[0, 0.8992318146635284],[0, 0.9067730633845362],[0, 1.5737625073470904],[0, 1.0617128247345833],[0, 1.088683201370967],[0, 1.7449940065043958],[0, 1.4657511790687079],[0, 1.2456968559976063],[0, 1.4733852430741101],[0, 0.9691172986297946],[0, 0.8773372671727816],[0, 0.9977595673617742],[1, 0.9364117188111492],[0, 0.9083625660461663],[0, 1.0400678327530164],[0, 1.0809206081587897],[0, 1.420577204300359],[0, 1.6639115543737326]
陈文,[0, 1.0798515727794036],[0, 0.8256394858392858],[0, 1.5089326599473418],[0, 0.8262156178010817],[0, 1.3387162238657115],[0, 1.1531535037268874],[0, 1.5514145246616207],[0, 0.903231662068632],[0, 1.3629634859114739],[0, 1.1726772755070964],[0, 1.650789164260889],[0, 1.5762962278410697],[0, 1.662741397495035],[0, 1.3696024607135864],[0, 1.0387193193101214],[0, 0.9413760239366409],[0, 1.590411407156754],[0, 0.7880592882143216],[0, 1.3682372213748568],[0, 1.6211694962320307]
曹莹,[0, 1.3877529419181651],[0, 1.0275686544881046],[0, 1.0672793612720355],[0, 1.6841910773144004],[0, 1.7264916151857803],[0, 0.777789115447333],[0, 1.5691800960850055],[0, 1.5703865531448868],[0, 1.3552322976172886],[0, 0.7738550594280269],[0, 1.0709608936696458],[0, 1.1201518508544057],[0, 1.4841372203745644],[0, 1.2989435080240583],[0, 1.6241692897132245],[0, 1.207914131849475],[0, 0.8705557029410405],[0, 1.661893345665327],[0, 1.080649837881234],[0, 1.1264861151567267]
叶阳,[0, 1.5553994524554353],[0, 1.9413441245190395],[0, 1.9371152661232793],[0, 1.267676690448274],[0, 1.8179283566974211],[0, 1.075170983903092],[0, 1.759249801560904],[0, 1.506765704973271],[0, 1.5904051524988616],[0, 1.7536892726381679],[1, 1.5703024005695396],[0, 1.5270296301023611],[0, 0.9702173708399494],[0, 1.5263764964535618],[0, 1.3254214151818924],[0, 1.3288408523302526],[0, 1.343126805998391],[0, 1.562914159759939],[0, 1.8095652932267599],[0, 1.4544250593615216]
李秀兰,[0, 1.2272007830966862],[0, 1.6581382111964478],[0, 1.136436472422718],[0, 1.2340823732983386],[0, 1.4592059896034906],[0, 1.0345057689847783],[0, 1.2518464161607687],[0, 1.2596028621575024],[0, 1.5256561870984697],[0, 1.1728898716117486],[0, 1.2741198877392623],[0, 1.516626939476592],[0, 1.273116020850186],[0, 1.0188236837633162],[0, 1.0206540082472637],[0, 1.5628513339473655],[0, 1.0936830466317748],[0, 1.362105297981871],[0, 1.6688224622766588],[0, 1.620155537129846]
李楠,[0, 1.6555152543765053],[0, 0.7850747244534514],[0, 0.778019533128266],[0, 1.4974859911561231],[0, 0.9887670294541478],[0, 1.2482321957251947],[0, 1.510217419420095],[0, 1.4312136873221437],[0, 0.7951396187396076],[0, 0.9548342840644722],[0, 0.9892761291863547],[0, 1.0084326208511336],[0, 0.983292658677282],[0, 1.5044914465390526],[0, 0.9589562688076709],[0, 0.8979279746211991],[0, 1.1091703386078144],[0, 1.2155127066977731],[0, 0.9526536322668062],[0, 0.7162869690518612]
李洋,[0, 0.9628279689141404],[0, 1.2770778017515192],[0, 1.558649552823201],[0, 1.3665910360027063],[0, 1.0176784332412039],[0, 1.5315547973308528],[0, 1.674519989547191],[0, 1.3784470063446999],[0, 0.8625168563909973],[0, 1.0206443057968113],[0, 1.0713529358675395],[0, 1.5022200944303883],[0, 1.533535480644935],[0, 1.4459925383488872],[0, 1.2709020112582539],[0, 1.4981122047865276],[0, 1.0247642442733846],[1, 1.23139405283386],[0, 1.0617174483260743],[0, 1.1106392547534987]
陈丽华,[0, 0.6037701632775488],[0, 0.6819492186698055],[0, 1.0088271007898948],[0, 0.8890689896716779],[0, 1.086745879961422],[0, 0.9941428025075009],[0, 1.5160866398986508],[0, 1.031298025453231],[0, 1.0220942867707579],[0, 1.025474854053454],[0, 1.366041807757353],[0, 1.1702681440764278],[0, 1.315569788942588],[0, 0.7280042698301217],[0, 1.32183880922917],[0, 1.5498071760784689],[0, 0.6582296715195786],[0, 0.9618075368681446],[0, 1.49659034801597],[0, 1.0971236872484573]
唐柳,[0, 0.914086870496178],[0, 1.038180308665017],[0, 0.7182387245682716],[0, 0.9733337827057794],[0, 0.8031660520652101],[0, 1.1843118934187888],[0, 0.6860783025941197],[0, 1.0739089539685809],[0, 0.8407632920841117],[0, 0.8387544921413529],[0, 1.3977317885101972],[0, 1.1232387967294573],[0, 1.3213692993073152],[0, 1.6272036590303043],[0, 1.2424809727266393],[0, 1.2503887038036359],[0, 1.3571530737476325],[0, 1.6675562555628574],[0, 0.7661096228892625],[0, 0.8816962537575437]
彭想,[0, 1.2545130481982145],[0, 1.6566822748532126],[0, 0.9018650018469685],[0, 1.6883187239217046],[0, 1.5166029975892188],[0, 1.3188835497587135],[0, 1.067276515861916],[0, 1.0838723464170945],[0, 1.567486888310752],[0, 1.0697088016262235],[0, 0.9367159246470996],[0, 1.1407184144886118],[0, 0.9303214857526318],[0, 1.1037271018122374],[0, 1.7838989366348144],[0, 1.1645127968191087],[0, 1.7183116507534835],[0, 1.2554002726279148],[0, 1.7871591056069467],[1, 1.718273722411911]
蒋阳,[0, 1.4077338829959998],[0, 1.4681791617650508],[0, 1.3888094147945786],[0, 0.8488240350221559],[0, 1.5087460331867173],[0, 0.9101775473202379],[0, 1.552201232273922],[0, 0.8533638091922958],[0, 0.6770228052774321],[0, 0.8516027979242692],[0, 1.3101784732305568],[0, 1.548481321545423],[0, 1.3261881016041648],[0, 1.4274195871995534],[0, 0.6756730564759613],[0, 1.3897084395709989],[0, 1.0876956603925572],[0, 1.0666589507410862],[0, 1.2592631463308201],[0, 1.1146808237766808]
吴桂兰,[0, 1.1505425817360393],[0, 1.4251562231036938],[0, 1.189587028716161],[0, 1.3199496170670164],[0, 0.8097830562387438],[0, 1.5973906943583533],[0, 0.948175524861476],[0, 1.337480846524312],[0, 1.3896644874778876],[0, 1.1479737574203224],[0, 1.3094455121658775],[0, 1.5346715333769585],[0, 1.5295595783516227],[0, 1.1565006772333883],[0, 1.282885022780855],[0, 1.2171361652563069],[0, 0.7961423366345333],[0, 1.146791718656363],[0, 0.9959780567019143],[0, 1.1435833774013489]
赵刚,[0, 1.110599355496108],[0, 0.646060883238699],[0, 1.439956522763433],[0, 1.344170223249868],[0, 1.2042208461518262],[0, 1.1436714041287335],[0, 0.8168483221316387],[0, 0.645520955767633],[0, 1.1838576312305351],[0, 0.7230399356584791],[0, 0.9546313452936694],[0, 1.3158233693298207],[0, 1.4284166064785213],[0, 0.763435663213034],[0, 0.8792257129718687],[0, 0.673060650671358],[0, 1.0417524235348896],[0, 1.021643207676086],[0, 0.5613074467985465],[0, 1.4592543877544168]
赵凯,[0, 0.8366901184425777],[0, 1.3479569141448806],[1, 1.801953105078292],[0, 1.104428247518301],[0, 1.164060164353491],[0, 1.0756623753102876],[0, 0.9403996771874205],[0, 1.775947291926602],[0, 1.3842752670987464],[0, 1.6050372105225479],[0, 1.6646929794399168],[0, 0.9043647788525803],[0, 1.6586657137217378],[0, 1.2342660482276613],[0, 1.3510444066956278],[0, 1.7418115237458314],[0, 1.0596636737562042],[0, 1.6474848158413922],[0, 1.6746729611619167],[0, 0.8464837518214732]
陈鹏,[0, 1.392649920689656],[0, 1.088298525129721],[0, 1.6565690088223577],[0, 1.5911969888729174],[0, 1.8043068567368796],[0, 0.887196990095057],[0, 0.8497514979270363],[0, 0.8814368652088713],[0, 1.3837452623560997],[0, 0.8763240978687781],[0, 1.6279031233809302],[0, 1.3443852882715535],[0, 1.3769025521186777],[0, 1.493906569121026],[0, 1.366591912630403],[0, 1.0165616120852499],[0, 1.5146575483061042],[0, 1.5245272279110553],[0, 1.6969527839592822],[0, 0.9409719827108602]
欧彬,[0, 1.3979434528741486],[0, 1.7346386698215488],[0, 1.3086996455656448],[0, 0.8487814369964782],[0, 1.1721185861071743],[0, 1.3124376124596275],[0, 1.601331905581316],[0, 1.088580027225737],[0, 1.4472618524724161],[0, 0.9486731658099818],[0, 1.6260675545882306],[0, 1.3088956801177871],[0, 1.1598571003259142],[0, 1.3552536343702029],[0, 0.9416509430633605],[0, 1.572907597910545],[0, 1.0430111271678537],[0, 1.7840990890319492],[0, 1.7522254098626344],[0, 1.3295216886289678]
陈想,[0, 1.108110617790454],[0, 1.4247061023339689],[0, 1.0529151646443495],[0, 1.5709218948935186],[0, 1.4870819851963795],[0, 0.915391915249469],[0, 1.2186280045152578],[0, 1.562744326466237],[0, 0.7304431532381638],[0, 0.9345668597696057],[0, 1.4308052353291378],[0, 1.464419929464568],[0, 1.4538608140318077],[0, 1.4048094340639645],[0, 0.6746405037314801],[0, 1.0588316400817301],[0, 1.4069599114047149],[0, 0.8682515761272196],[0, 1.0758670566330457],[0, 1.3807329499677108]
何玉,[0, 1.5938444235239428],[0, 1.637434985362292],[0, 1.021050886710892],[0, 0.7753289617188492],[0, 0.6787013723952553],[0, 1.3398307468035027],[0, 1.3753041500188945],[0, 1.5069240520757192],[0, 1.2336953212230615],[0, 0.8253931446742692],[0, 1.1117769485405053],[0, 1.2859495202156985],[0, 1.5699519729403009],[0, 0.7159254696631133],[0, 1.2430913951192388],[0, 1.5688566394911683],[0, 1.0085306180174936],[0, 1.6156219825533815],[0, 1.2184089838822372],[0, 1.2132607365693269]
赵博,[0, 1.1043624005862942],[1, 1.513215915277821],[1, 0.9055990187373525],[0, 1.3273683443230118],[0, 1.364552982343145],[1, 1.6875558682267076],[0, 1.4611063156472635],[0, 1.7428800841857275],[0, 1.8565334415213952],[0, 1.0308279686893163],[0, 1.3870836134136044],[0, 1.5333485595302974],[0, 1.7871345457679828],[0, 1.3549581337887573],[0, 1.8630416936727263],[0, 1.5940696145649214],[0, 0.9577329966986219],[0, 1.671328507510264],[0, 1.0445576347837116],[1, 1.3885777606601808]
陈岩,[0, 1.6449366718690195],[0, 1.467003633827277],[0, 1.2297772379635459],[0, 1.6171122611332214],[0, 0.8213980691289682],[0, 1.487233042140108],[0, 1.3539949215240625],[0, 0.9152845779802462],[0, 0.7858215704883565],[0, 0.8994278391272196],[0, 1.3348587825238138],[0, 1.6944148686452238],[0, 1.0353060483599554],[0, 1.4637902802073195],[0, 0.9265301401327555],[0, 1.7047053965942465],[0, 1.6566193836476568],[0, 1.2202569928162565],[0, 1.2826274263952615],[0, 1.706168489397236]
范淑华,[0, 1.289283642825866],[0, 1.1995332040357867],[0, 0.9208515789845242],[0, 1.7017755185127301],[0, 1.204728071987293],[0, 1.2877517042329099],[0, 0.7510322664774163],[0, 1.427007607237666],[0, 1.2891695363177547],[0, 1.2537781724340222],[0, 1.1028398045592505],[0, 1.5244825000548237],[0, 0.8771596706271313],[0, 0.8842824091141623],[0, 0.9741860716788477],[0, 1.0091297226462594],[0, 1.3375871839011793],[0, 1.1812273567520868],[0, 1.565268343415707],[0, 1.6377591331827963]
钟瑞,[0, 1.1784519173591483],[0, 1.5553113316516733],[0, 1.400968818559489],[0, 0.969445218405587],[0, 1.18696255224621],[0, 1.147154877572151],[1, 1.666253362009627],[0, 1.445659006911735],[0, 1.320379934637399],[0, 1.720167724579955],[0, 1.1772744910387383],[0, 1.0557847859644627],[0, 0.8882779291837859],[0, 1.0623143713356247],[0, 0.877854656940742],[0, 1.0424125417323196],[0, 1.1164637492102085],[0, 1.587536336849222],[0, 0.8651667260374097],[0, 0.8525413880040946]
黎艳,[0, 0.6701745213303374],[0, 1.3109335902972805],[0, 1.312426544317189],[0, 0.9016245600984534],[0, 0.9278455784702921],[0, 0.8595123843936503],[0, 1.2402592918249593],[0, 1.3689628664236757],[0, 1.1011106836618],[0, 0.7878973082774974],[0, 1.082617694760284],[0, 0.5363916371466342],[0, 1.078536754745758],[0, 0.6996011658537389],[0, 1.2522627806029438],[0, 0.7446169810188752],[0, 1.2181034451690478],[0, 1.0424571514661114],[0, 0.9440413974707806],[0, 0.6834688166109542]
张桂香,[0, 1.3225102213221571],[0, 0.8617049211906883],[0, 1.1074554675974788],[0, 0.9622819078057607],[0, 1.116058588104368],[0, 0.37058741408867935],[0, 0.81236625284428],[0, 1.0459402684936396],[0, 0.5026820115997377],[0, 1.1396963567213108],[0, 0.9382438081507194],[0, 1.1360992834948105],[0, 0.8605020867653121],[0, 0.88328792942723],[0, 0.9595632702982888],[0, 0.7914710077266541],[0, 0.9296740062572592],[0, 1.217606942261074],[0, 0.5313661024565738],[0, 0.8998781000088945]
李建国,[0, 0.7738742614810038],[0, 0.667272050145314],[0, 1.0119001521613349],[0, 1.6067736557911303],[0, 1.5273964697114857],[0, 1.5025904596481996],[0, 0.7704588746215215],[0, 1.1193858808880472],[0, 1.04562303301037],[0, 0.9848787118047365],[0, 1.0997959598912577],[0, 1.529490442946562],[0, 1.5952246159857257],[0, 1.5284715535555233],[0, 0.9720821398043076],[0, 1.1890401713932413],[0, 0.8346882477281673],[0, 1.12584611721304],[0, 1.5014849101488925],[0, 0.6902157513371547]
梁建平,[0, 1.2435592464343643],[0, 1.41893526365063],[0, 1.2699104971566086],[0, 0.9248203375938022],[0, 1.4337940941020928],[0, 1.4755203804491197],[0, 0.7466421787464028],[0, 1.2949541262107729],[0, 1.4527262019470772],[0, 1.2251418126833455],[0, 0.7670365792661901],[0, 0.6316311022354567],[0, 1.0593203426170885],[0, 1.4221547036995252],[0, 1.2572295142256833],[0, 1.1465950025593232],[0, 0.9089098691202985],[0, 1.343813704447883],[0, 1.2715321118168719],[0, 1.4529715587576457]
刘小红,[0, 1.2161226918843984],[0, 0.8299943693430052],[0, 1.7349649201325548],[0, 1.2264328062882284],[0, 1.1303372912533063],[0, 1.4595629322236303],[0, 1.2817851316204285],[0, 0.9566467413723286],[0, 1.4523900474497353],[0, 0.9778351828610726],[0, 1.4423032094621164],[1, 0.8756816019746941],[0, 1.2474680969761764],[0, 0.822123867945918],[0, 1.567961330854195],[0, 0.9977090989034707],[0, 1.41133975734123],[0, 1.5070795503025574],[0, 1.3166273713778378],[0, 1.1320847210581528]
李凤兰,[0, 1.1939649361430518],[0, 0.8955665522753241],[0, 1.208274469542721],[0, 0.9640711076431],[0, 0.5830658408830804],[0, 1.1271836027055242],[0, 0.35737396237984076],[0, 1.0317230050480966],[0, 0.4847556649865419],[0, 0.35981781645123445],[0, 0.5755226986566527],[0, 0.9949513599213303],[0, 0.6624602584032371],[0, 0.3568177958577695],[0, 0.6660190923821998],[0, 0.6761622697120138],[0, 1.0050841358848985],[0, 0.6311360447287786],[0, 0.7301250942043068],[0, 0.4655576151066676]
厉瑜,[0, 0.7661204842927507],[0, 0.6664162756626993],[0, 0.5991510052910207],[0, 0.6817043053425844],[0, 1.2977143662458066],[0, 1.3819754480044524],[0, 1.4777989028705176],[0, 0.5153808604332121],[0, 0.9489644864933495],[0, 0.9520300992085604],[0, 1.3740985388348972],[0, 0.5528311188568524],[0, 0.6959571366526548],[0, 1.3984288783362253],[0, 0.7542582710347979],[0, 1.015285726773067],[0, 1.2408630720519582],[0, 0.8636172184025285],[0, 1.3085604059359575],[0, 0.9261412526330718]
钟成,[0, 0.6036808747195946],[0, 0.46836740875451877],[0, 1.200258229202614],[0, 0.9676726956488152],[0, 0.4515861631091943],[0, 1.237758020025776],[0, 1.2159896361054683],[0, 0.6723442527013268],[0, 0.8526471676835128],[0, 0.9400840517856313],[0, 1.3352953964405336],[0, 0.5031789974936189],[0, 0.7148722907989035],[0, 0.9889409538667294],[0, 0.9119559131769656],[0, 1.1311505748427155],[0, 0.7570703744126189],[0, 0.7846001468597136],[0, 0.4830308592289293],[0, 1.0220941966393542]
王建军,[0, 1.295447070043555],[0, 1.1692643513996221],[0, 1.092383435889374],[0, 0.5543242301676877],[0, 0.6818410485837814],[0, 0.5044293416064995],[0, 1.1102242632052282],[0, 0.6251032700494636],[0, 1.256483182186932],[0, 1.3040371342918662],[0, 0.762764521927386],[0, 0.7875676810520476],[0, 0.6030702448131777],[0, 0.8584854294390467],[0, 1.0442766839662105],[0, 1.069936502745048],[0, 1.3291108106267893],[0, 0.4465071097264348],[0, 1.3001982985384688],[0, 1.0663058594683474]
叶涛,[0, 1.2322436963757575],[0, 0.6104486190609888],[0, 0.612870596080072],[0, 0.56573101454837],[0, 1.1984341090629027],[0, 0.9838056078346433],[0, 1.1537948258831454],[0, 0.8619520499527464],[0, 0.42192391612948515],[0, 0.5439468043332929],[0, 0.641339548170873],[0, 0.7396351933770915],[0, 0.8892182500985364],[0, 0.657376306449776],[0, 0.8250330567626756],[0, 0.3640711566654275],[0, 1.2511974249890492],[0, 0.4109936826464196],[0, 0.43296086000601824],[0, 0.753778208651062]
罗华,[0, 1.5167004022789887],[0, 1.44620491432126],[0, 1.523045357043367],[0, 1.294641269858136],[0, 0.8598121473083363],[0, 1.5883425985757125],[0, 0.8237298342122252],[0, 1.4391714754292946],[0, 0.8500641339485241],[0, 1.3322273219629048],[0, 1.5869758305051733],[0, 1.1857092145290244],[0, 1.2814364660516127],[0, 1.6264681520346502],[0, 1.0302920169252696],[0, 1.4821686765472966],[0, 0.7103474732967675],[0, 0.8165457804810881],[0, 1.1267820817481864],[0, 1.2776259569732569]
荆琴,[0, 1.4322881532564247],[0, 1.5731785399150016],[0, 1.0486653725016826],[0, 1.6972705890420832],[0, 1.326056645762148],[0, 1.0810397846460518],[0, 0.8557260871407727],[0, 0.8748001802812391],[0, 1.522574392853857],[0, 0.8750514980445497],[0, 1.558198399080429],[0, 0.9232367084189028],[0, 1.549866908653383],[0, 1.7183870541366326],[0, 1.7089440545488812],[0, 1.7125796092117636],[0, 0.7831856695911793],[0, 1.185183063948811],[0, 1.4423765608064643],[0, 0.7984895144362075]
刘明,[0, 1.023717892927716],[0, 1.0535838130283386],[0, 1.2925567292604914],[0, 1.2150733697859128],[0, 0.7536439253247565],[0, 0.8331235337454173],[0, 0.407887343303599],[0, 0.5116199908153726],[0, 0.9033524505772985],[0, 0.5312242621207572],[0, 1.0259017237089165],[0, 0.9753314720441121],[0, 1.289353242880778],[0, 1.0048589655691356],[0, 1.2053332726088835],[0, 0.6821016097362327],[0, 1.0325214412026622],[0, 0.4948872626406198],[0, 1.3907387300736418],[0, 1.1640681612055521]
王健,[0, 1.0498923636287483],[0, 1.4708196115923204],[0, 1.822663316730515],[0, 1.445706740167676],[0, 1.0963532481421687],[0, 0.9669745197216552],[0, 1.4643610361906685],[0, 1.8838103113905755],[0, 1.6974026809640517],[0, 1.7211323768553164],[0, 1.3077777625325808],[1, 1.4999104942160084],[1, 1.8961059318167015],[1, 1.5738315712184048],[1, 1.4878303516129672],[1, 1.0841290874267755],[0, 1.9583776088279543],[0, 1.4088486191442273],[0, 1.2542269120063856],[0, 1.8418763157803655]
郝旭,[0, 1.237328638778119],[0, 1.0997024872500738],[0, 1.8202494224405474],[1, 1.0248202682978589],[0, 1.945550980903386],[0, 1.2199906651073653],[1, 1.2622317326277845],[0, 1.6397007974181994],[0, 1.6405401394656711],[0, 1.182729086923148],[0, 1.1091814406645093],[0, 1.2888981508120008],[0, 1.3422953254770742],[0, 1.20645345925008],[0, 1.6012890792068133],[1, 1.8932440610051327],[1, 1.410399187854028],[0, 1.8806541026170327],[1, 1.8379125929334614],[0, 1.7413480031562885]
翁秀芳,[0, 1.2355953288838866],[0, 0.44710749414806567],[0, 0.8416806991076813],[0, 1.3017788521776552],[0, 1.0212873797031203],[0, 0.3891574030962192],[0, 1.1752674914065582],[0, 0.721171241246735],[0, 0.8295489786445018],[0, 1.1946461724732973],[0, 0.6153706775561851],[0, 0.9012031506072695],[0, 0.8259096230984391],[0, 0.496905451660484],[0, 0.5618775461391174],[0, 0.8240736128446118],[0, 0.35879613161739826],[0, 0.340812307907666],[0, 0.8107210584555342],[0, 0.683375037405269]
杨瑞,[0, 0.8096758146760495],[0, 0.6953629488932128],[0, 1.3242869256057694],[0, 1.1143663019160184],[0, 0.7592766897458149],[0, 0.6621067254913306],[0, 0.9520874794834826],[0, 1.5327301623204166],[0, 0.9305731801976447],[0, 0.7738967555384263],[0, 0.8744035244175935],[0, 1.0530779459453479],[0, 1.0097978697033465],[0, 1.4138580749291552],[0, 1.3671294774946532],[0, 0.9771293144482888],[0, 0.9111302988815208],[0, 1.6526904651786272],[0, 0.87175415989572],[0, 1.160091772159392]
吴畅,[0, 1.3761620819762643],[0, 0.6680436064469504],[0, 1.0160522256506503],[0, 1.370112525880365],[0, 1.2958064042849955],[0, 0.7364047816785029],[0, 1.3875853920357055],[0, 1.0007167550001177],[0, 0.7492837228638268],[0, 1.254470566602989],[0, 1.394543355758303],[0, 0.9355787269027566],[0, 1.5832633338903364],[0, 1.654919350999517],[0, 0.7839390969575505],[0, 1.6160719227561873],[0, 1.4767499121561491],[0, 0.706766716412786],[0, 1.201533047809877],[0, 1.5892637651076407]
姬秀英,[0, 0.7732857745770996],[0, 1.30401752197163],[0, 1.018166554767662],[0, 0.7704881862110096],[0, 1.099652121572358],[0, 1.2434088503779641],[0, 0.5693203417790063],[0, 1.2087223862842347],[0, 0.6394430535161001],[0, 0.8882135291558645],[0, 0.6707268266152808],[0, 0.861441745081231],[0, 0.6710137391044969],[0, 1.089893889410902],[0, 0.37742437382872873],[0, 1.2424396266531619],[0, 0.884667223952727],[0, 0.5966538185905893],[0, 1.0628649529451362],[0, 1.0505124722293484]
张建国,[0, 1.4074524813811142],[0, 1.5188931707553173],[0, 1.6278353859121164],[0, 0.9763930100685858],[0, 1.589153306640135],[0, 1.054147919170079],[0, 1.4020881181014762],[0, 1.5031667261344945],[0, 1.6254678603192556],[0, 0.893049430467388],[0, 1.0434001397831263],[0, 0.9955271616335645],[0, 0.9757744957354995],[0, 1.2729929409759528],[0, 1.1985503096674064],[0, 1.0085062110173675],[0, 1.0575234474550181],[0, 1.1805740374583704],[0, 1.5653473154361814],[0, 1.3277449899683744]
李利,[0, 1.27910082238254],[0, 1.354018949768307],[0, 1.1025179687459568],[0, 1.0341816991398938],[1, 1.4381561453454448],[0, 1.6240649015154915],[0, 1.2390777750107946],[0, 1.3465336857297139],[0, 1.7858847963628426],[1, 1.1890829668385319],[0, 1.6548398952334877],[0, 1.5094693936859644],[1, 1.8004993271263472],[0, 1.292487911748371],[0, 1.1728769595014543],[1, 1.9064478340460667],[0, 1.8768974277190986],[0, 1.6964040053413894],[0, 1.8546706854962982],[1, 1.5824240432155618]
卢涛,[0, 1.7390000348779044],[0, 1.6303161317202388],[0, 0.7900800061557195],[0, 0.951059964263908],[0, 1.0764303010005414],[0, 0.9011604204091375],[0, 1.7210007592308751],[0, 1.496301511528467],[0, 1.5188886236656796],[0, 0.8005412550166974],[0, 1.7483325824880103],[0, 0.9060562303584048],[0, 1.169081198591894],[0, 1.1139738916764323],[0, 0.9107610162354348],[0, 1.5897639254274663],[0, 1.3714676486841149],[0, 0.9256724406637244],[0, 1.3357549337113657],[0, 1.042687106516143]
徐云,[0, 0.8267320099692732],[0, 1.2293221557847431],[0, 1.6590711077184093],[0, 0.8122967797465802],[0, 1.442164730530923],[0, 1.5306921884996838],[0, 0.914104894141635],[0, 1.6129975095682945],[0, 1.1925244301830569],[0, 1.128328193478982],[0, 0.7349052427642982],[0, 1.2248601816269877],[0, 1.590369530090054],[0, 1.618239000277892],[0, 1.4021888256008712],[0, 1.533101860107647],[0, 1.343552593226007],[0, 1.1291260269998178],[0, 0.766440899264781],[0, 1.6354160299773803]
刘雷,[0, 1.4008763269789202],[0, 1.0073452505892977],[0, 1.4079631344350179],[0, 1.279658598428465],[0, 1.3697928006879554],[0, 1.7135035846376248],[0, 1.5733006761673825],[0, 1.4650177548743994],[0, 1.5028780759798708],[0, 1.2412099797905523],[0, 1.0303796545232164],[0, 1.394464447801672],[0, 1.0073450903669392],[0, 1.557679133693362],[1, 1.6765732214820785],[0, 1.8431231656021687],[0, 1.049550999687362],[0, 1.7583130320052431],[0, 1.4370920958423825],[0, 1.199406469532007]
张萍,[0, 1.1478315111357507],[0, 1.4024433834970484],[0, 1.0543372242635358],[0, 1.2352914623815234],[0, 0.8963196259398575],[1, 1.5180927215515423],[0, 1.4275961353225766],[1, 1.6112196751427603],[0, 1.276302204320816],[0, 1.2607876269605667],[1, 1.6387059469883545],[0, 1.4177301462581422],[0, 1.2112864991449763],[0, 1.2087234680767183],[0, 1.5612959404569975],[0, 1.0730281839937579],[0, 1.6561978746555526],[0, 1.2425284166907424],[0, 1.1970260186364965],[0, 1.0850814278312328]
李俊,[0, 1.309942755972494],[0, 1.1725856453109391],[0, 0.8408809131524435],[0, 0.9842766387918624],[0, 1.2850580137633119],[0, 0.9396941795322846],[0, 0.9677512596872486],[0, 1.0045730445070982],[0, 1.190993913177761],[0, 0.8573116660092697],[0, 0.7519072719224582],[0, 0.46609046770457835],[0, 0.48640359989485177],[0, 1.1750889449525923],[0, 0.7525703594132478],[0, 0.6130738417814314],[0, 0.8928271783031403],[0, 0.45470430138956147],[0, 1.1128262949676244],[0, 1.3509360952393392]
林玉珍,[0, 0.5156405616486198],[0, 0.8604706295022593],[0, 1.2573728084328937],[0, 1.0523816214543178],[0, 0.9620347837689731],[0, 1.0119351121404734],[0, 0.9529997197927358],[0, 0.5247645968129292],[0, 1.1666067965930305],[0, 0.9656774957334626],[0, 1.1412791484943947],[0, 1.2302427285340705],[0, 0.4676275288312832],[0, 0.47025755259806],[0, 0.9843912038146311],[0, 0.7447005381614245],[0, 0.6913447722271737],[0, 0.7994756680608733],[0, 0.5017246800290457],[0, 1.33920874041362]
林芳,[0, 1.5023997809683114],[0, 1.1246280526596277],[0, 0.8572206669355121],[0, 1.4725859980696328],[0, 1.3145128143869624],[0, 1.2034796718426644],[0, 1.1210790200777758],[0, 1.536525333474653],[0, 1.6561746409430982],[0, 1.5588190183921689],[0, 0.8268059099872068],[0, 0.9329538572939777],[0, 1.2219204822934828],[0, 1.6289531893566795],[0, 1.324506680580136],[0, 1.6215154211573959],[0, 1.50274590540675],[0, 1.263313335936204],[0, 1.4812237304859215],[0, 0.9237662680072806]
伍英,[0, 0.8453255776335366],[0, 1.4992159859230774],[0, 1.3236639408439625],[0, 1.6440502413829805],[0, 1.4142381080862125],[0, 1.513717206636399],[0, 1.1129102421146722],[0, 1.0838642652327568],[0, 1.0085507791930617],[0, 1.136558485835832],[0, 0.9428765862718905],[0, 0.7674496647669766],[0, 1.173818069453016],[0, 1.2658054517685158],[0, 0.9707838964998888],[0, 1.2614646775045384],[0, 1.3807812673918005],[0, 1.434264599698067],[0, 1.4851551207482272],[0, 1.0323745053659281]
杨秀云,[0, 0.5799020501278671],[0, 1.4470774634164854],[0, 0.5330001839726006],[0, 1.2262774534952994],[0, 1.4611122516897304],[0, 0.7069902008689378],[0, 0.7221528405736811],[0, 0.5181745391890734],[0, 1.302209088357479],[0, 1.1018802795847176],[0, 1.1051177166889956],[0, 1.0060509800484105],[0, 0.589976807574146],[0, 1.232120331123388],[0, 1.23940940511537],[0, 1.162434856969916],[0, 1.4531661351840266],[0, 1.397375798167637],[0, 0.8862525447460867],[0, 1.1381578879029148]
韦娜,[0, 0.9941023977058847],[0, 1.2327680535118049],[0, 0.8365942821959463],[0, 0.7612045127758821],[0, 0.7360869288180504],[0, 0.7636204354668665],[0, 0.676906756119518],[0, 0.48273631897212976],[0, 1.2680847123600265],[0, 0.5479664766516309],[0, 0.9820976127172732],[0, 1.0891505710889562],[0, 1.3150676465578504],[0, 0.7382767573041916],[0, 0.8675412891503328],[0, 0.7183853922728509],[0, 0.6038059581186123],[0, 0.6796798335828307],[0, 1.4248848538988368],[0, 1.1884022669912184]
陈欣,[0, 1.480937866615431],[0, 1.5399648643408683],[0, 1.458563745176856],[0, 0.9142146727912601],[0, 1.371779908764145],[0, 0.8487938579287806],[0, 1.0924697690540774],[0, 0.8498902703623827],[0, 1.3513014673291681],[0, 0.6556116605766671],[0, 0.5425841726980437],[0, 0.9149905695962668],[0, 1.0294871738894056],[0, 0.5663620245677822],[0, 0.6647200666577844],[0, 1.539694937245847],[0, 1.4100951596434637],[0, 1.345858341243066],[0, 0.7018229672516506],[0, 1.3214906297191225]
何桂芳,[0, 1.2554248604799771],[0, 0.8654704007119891],[0, 1.1622686847157353],[0, 1.7329539150764626],[0, 0.7772192646205159],[0, 1.0246573594408839],[0, 1.3200615440673555],[0, 1.12873186339317],[0, 1.7079102741318044],[0, 1.7087745360984976],[0, 1.448289761694039],[0, 1.0077460779169076],[0, 1.4573971809922948],[0, 1.3355619632353968],[0, 1.2204705831861855],[0, 1.4801818194409895],[0, 1.5557468478619494],[0, 1.685878246157182],[0, 1.4671567523435325],[0, 0.9807797206857989]
王想,[0, 0.8233978324326974],[0, 1.2521209683540804],[0, 1.2899134203458327],[0, 0.8865907962286916],[0, 1.3666346087284857],[0, 0.7255339718950703],[0, 0.6263233376302448],[0, 1.1116687641978371],[0, 0.7358897740690983],[0, 1.4226176075146568],[0, 0.9004239096861488],[0, 0.5331394847979092],[0, 0.9629897754507352],[0, 1.2354222477412742],[0, 1.1515486655384084],[0, 1.1567297509548986],[0, 0.7598044145544361],[0, 1.2452094113415244],[0, 0.8895765900912823],[0, 0.6664889458549406]
袁成,[0, 0.5368494469498224],[0, 0.7364941436135841],[0, 0.6138488032906997],[0, 0.9410298846781213],[0, 1.253155700038457],[0, 0.8129235666103964],[0, 1.0281101566423891],[0, 0.37278913736473185],[0, 0.9596165688671687],[0, 0.9986428456790212],[0, 0.5907191842304118],[0, 0.6606805105409422],[0, 0.34367899615471176],[0, 0.7668871936299464],[0, 0.8565397564029921],[0, 0.31534479314957453],[0, 0.9516704991522742],[0, 0.5503217547816048],[0, 0.9918178065464576],[0, 0.41003238396277975]
曹建平,[0, 1.4951038931164304],[0, 0.592729465344279],[0, 1.3009746549333647],[0, 0.8837845970143865],[0, 1.2367184818037629],[0, 1.302701716423621],[0, 0.8926733395206047],[0, 1.4045330689350026],[0, 1.519855982484927],[0, 1.2945685794054462],[0, 1.0693754409546894],[0, 0.9582587769564492],[0, 0.9377385333334433],[0, 0.7869085788574178],[0, 0.598198361434403],[0, 0.9164338221694434],[0, 1.4068592936937316],[0, 0.909271860895981],[0, 0.8078191990360012],[0, 0.9706242252998409]
王玲,[0, 0.5474480173371385],[0, 1.0831645069462028],[0, 0.9290974290152396],[0, 0.9438530884040346],[0, 0.8482906778542543],[0, 0.9186604862614045],[0, 0.9496395701976008],[0, 0.8974565601105249],[0, 0.535340600876949],[0, 0.9101756144037789],[0, 0.6917970339684476],[0, 1.2103805240049752],[0, 1.3555379611910192],[0, 0.7058539003879871],[0, 1.0391804169282468],[0, 1.3118855883331297],[0, 0.7904707721822513],[0, 0.9948562802138057],[0, 0.5052981465157567],[0, 1.0935979551381467]
侯杨,[0, 0.96195268975691],[0, 0.75508976417801],[0, 1.1442461135556186],[0, 1.5583936289448523],[0, 1.027393136176336],[0, 0.7228832316397724],[0, 1.1993761397319056],[0, 0.9931169912127261],[0, 1.0452848668659032],[0, 1.4472170691462702],[0, 0.8625851791300473],[0, 1.0615071519263215],[0, 0.8220670583666818],[0, 0.6961205685503224],[0, 1.4254158359932305],[0, 1.1929434164064652],[0, 1.3798381758028047],[0, 1.119420310803039],[0, 0.7947393910417379],[0, 1.291459486301371]
何成,[0, 0.867997628700468],[0, 0.7753208400211473],[0, 0.8251335020655033],[0, 0.4952919184070162],[0, 1.0239014280583536],[0, 0.6742915645765],[0, 0.9757385038992539],[0, 0.4296451002654795],[0, 0.6194082099986515],[0, 1.3297614818153538],[0, 0.44033756516935046],[0, 1.1601340679682899],[0, 0.7664484144782708],[0, 0.6232741663272032],[0, 0.9525463118655648],[0, 1.3724806484803913],[0, 0.6331005667473495],[0, 0.9113252620889329],[0, 0.44115405566212956],[0, 1.3332315590599295]
王玉英,[0, 0.8996177652490643],[0, 0.8798782042557838],[0, 1.4467543341067608],[0, 0.938285280110283],[0, 0.9082871247672676],[0, 0.982536338119844],[0, 1.0240133671802238],[0, 1.076175952950695],[0, 0.8278362230366784],[0, 1.1261554516461332],[0, 1.4399504402637366],[0, 0.5659222881754428],[0, 0.6050905212300308],[0, 1.1468806010583075],[0, 0.718118781588852],[0, 1.0814328142514182],[0, 1.0217824554097699],[0, 1.3782910672696806],[0, 1.496660740476676],[0, 0.6426357600946213]
张芳,[0, 1.1756267104540674],[0, 0.5787208689399772],[0, 1.2963598899321704],[0, 1.401738265104473],[0, 1.0708957403127273],[0, 1.1654566752590303],[0, 1.163807579003545],[0, 0.9910667205457926],[0, 0.888787297290385],[0, 0.6571369752060249],[0, 0.8240821201945434],[0, 1.078875541049682],[0, 1.4076946643641604],[0, 0.9171840202987082],[0, 0.7991522462101611],[0, 1.0145766986952707],[0, 1.0019206986599245],[0, 0.553997983028735],[0, 1.3764841140047315],[0, 0.5325596499640237]
吴英,[0, 1.0520420046549983],[0, 1.3826912977378143],[0, 1.6345813994552998],[0, 1.392160884925138],[0, 1.1713816590462638],[0, 0.7179402464270941],[0, 1.0228070427767133],[0, 0.9713542863794293],[0, 1.4582384614537731],[0, 1.2056673475271658],[0, 1.4766871263659533],[0, 1.3004039543738681],[0, 1.3974949837719182],[0, 1.2579579918587707],[0, 1.2692069608721657],[0, 1.589057800963526],[0, 0.8465588775075035],[0, 1.5475650253317377],[0, 1.0929371334560185],[0, 0.9017052012172786]
王慧,[0, 1.4026124895846253],[0, 1.5169229620266873],[0, 0.8436730718111226],[0, 1.1462825542172277],[0, 1.2162481599979271],[0, 0.7175450662267574],[0, 0.982943393981842],[0, 1.1269266717898403],[0, 1.0393958000660244],[0, 1.1758303024459291],[0, 1.1548023249872985],[0, 0.8531780732620643],[0, 0.6685662061498772],[0, 1.3436148487814885],[0, 1.444019412448338],[0, 1.3459787762625388],[0, 1.5571149768796873],[0, 0.7932448839002451],[0, 1.455643429227016],[0, 1.2527992439789997]
梁娜,[0, 0.7664669477615367],[0, 1.2461956931256433],[0, 1.1711814264967262],[0, 0.6277218417025616],[0, 0.5406062942294318],[0, 0.4683486923964632],[0, 0.8229587961922709],[0, 0.8147979956478697],[0, 0.9992266836234793],[0, 0.36895459644087475],[0, 0.6380794834456391],[0, 0.4828588395449172],[0, 0.7115962719529054],[0, 0.5945396128148936],[0, 0.7042353893454807],[0, 0.37986095384986457],[0, 1.2979058915214476],[0, 1.1150637888322623],[0, 0.5881098511758229],[0, 0.5346147633137839]
叶辉,[0, 1.0371274114843105],[0, 0.7404926098172525],[0, 1.1402393907866037],[0, 1.3770913728981324],[0, 1.41617513583363],[0, 1.5817283744157096],[0, 1.5301810325707494],[0, 1.3681883637519614],[0, 1.1542011961224687],[0, 1.57712402256138],[0, 1.2581480477050873],[0, 1.0687712389278743],[0, 0.7942653425858148],[0, 1.5679416984755177],[0, 0.9568328699489624],[0, 1.2880435085676112],[0, 1.1216752329162645],[0, 1.3622486771810869],[0, 0.6566163679462893],[0, 0.7185097016795825]
刘玉珍,[0, 1.0333605986697418],[0, 0.48279192954380945],[0, 0.38330214418181474],[0, 1.118268925160081],[0, 1.1205426414164719],[0, 0.3737765071091299],[0, 1.1224243995995533],[0, 0.9481659601417876],[0, 0.5295040072536527],[0, 0.7454638737833427],[0, 0.8603837296796875],[0, 1.058839033432831],[0, 1.2931801580145472],[0, 1.0595622365312398],[0, 0.959698948702143],[0, 1.2766311082427144],[0, 0.6442770327777859],[0, 0.5515031728530099],[0, 1.083104266981711],[0, 0.5607015942679339]
王桂兰,[0, 0.6100752076623361],[0, 0.5836161233884376],[0, 1.1664835054265814],[0, 0.8540265387175907],[0, 0.7609842173232666],[0, 0.972780428646828],[0, 1.1695399001845224],[0, 1.3159435009941918],[0, 0.5025406329768445],[0, 1.4316485043431204],[0, 0.7364605843553387],[0, 1.0045508258956164],[0, 1.1776837445942687],[0, 0.5396681890627129],[0, 0.9969089848036758],[0, 0.6654592691959822],[0, 1.031984671626082],[0, 1.364328713603912],[0, 0.6035956601798889],[0, 1.007069092856771]
刘凤英,[0, 0.9553840385291947],[0, 0.9307660144179981],[0, 1.2359055666873253],[0, 1.330626073772295],[0, 0.8723188550617863],[0, 1.077372243528694],[0, 0.9166529345267089],[0, 1.2120143482947179],[0, 0.5414751413202981],[0, 0.6554302391464129],[0, 0.8170806638357354],[0, 0.5003163290739615],[0, 1.2316028948029363],[0, 0.9139857150066795],[0, 1.2072903555025314],[0, 0.8782820797320987],[0, 0.6269821597860182],[0, 1.0692046899784342],[0, 0.36781495182797397],[0, 0.8859878732903869]
